"","own","prop_a_dummy","prop_d_dummy","prop_f_dummy","prop_i_dummy","prop_i_ban_dummy","supply_dummy","rent_control","income_cat","ideology","whitenh"
"1",NA,NA,NA,NA,NA,NA,NA,NA,NA,NA,NA
"2",NA,0,0,1,1,1,NA,NA,NA,NA,NA
"3",NA,0,0,1,1,1,NA,NA,NA,NA,NA
"4",NA,NA,NA,NA,NA,NA,NA,NA,NA,NA,NA
"5",NA,1,1,0,0,1,NA,NA,NA,NA,NA
"6",NA,1,NA,1,0,1,NA,NA,NA,NA,NA
"7",NA,0,0,1,0,NA,NA,NA,NA,NA,NA
"8",1,0,0,1,0,0,0,0,5,5,1
"9",1,1,1,1,1,1,NA,0,4,6,1
"10",NA,1,1,0,0,0,NA,NA,NA,NA,NA
"11",NA,1,1,1,1,1,NA,NA,NA,NA,NA
"12",NA,1,1,1,1,1,NA,NA,NA,NA,NA
"13",NA,0,1,0,1,0,NA,NA,NA,NA,NA
"14",NA,1,1,0,0,0,NA,NA,NA,NA,NA
"15",NA,0,1,0,1,1,NA,NA,NA,NA,NA
"16",NA,1,1,0,0,0,NA,NA,NA,NA,NA
"17",NA,0,NA,NA,NA,0,NA,NA,NA,NA,NA
"18",0,1,1,1,0,0,1,0,6,6,1
"19",NA,0,0,0,1,1,NA,NA,NA,NA,NA
"20",NA,1,1,1,0,0,NA,NA,NA,NA,NA
"21",NA,1,0,0,0,0,NA,NA,NA,NA,NA
"22",NA,1,1,0,0,0,NA,NA,NA,NA,NA
"23",NA,1,0,0,1,0,NA,NA,NA,NA,NA
"24",NA,1,1,0,0,1,NA,NA,NA,NA,NA
"25",NA,1,0,1,1,1,NA,NA,NA,NA,NA
"26",NA,0,0,0,0,0,NA,NA,NA,NA,NA
"27",NA,1,1,0,0,0,NA,NA,NA,NA,NA
"28",NA,1,1,0,1,0,NA,NA,NA,NA,NA
"29",NA,1,1,0,0,0,NA,NA,NA,NA,NA
"30",NA,1,1,1,1,1,NA,NA,NA,NA,NA
"31",NA,1,0,1,1,1,NA,NA,NA,NA,NA
"32",NA,1,0,1,1,1,NA,NA,NA,NA,NA
"33",NA,0,0,1,1,1,NA,NA,NA,NA,NA
"34",NA,1,1,0,0,0,NA,NA,NA,NA,NA
"35",0,1,1,1,0,0,1,0,5,6,1
"36",NA,1,1,0,0,0,NA,NA,NA,NA,NA
"37",NA,1,0,0,1,NA,NA,NA,NA,NA,NA
"38",NA,1,1,0,0,0,NA,NA,NA,NA,NA
"39",NA,1,0,0,1,1,NA,NA,NA,NA,NA
"40",NA,1,0,0,1,1,NA,NA,NA,NA,NA
"41",0,1,1,0,0,0,1,0,NA,4,1
"42",NA,NA,NA,NA,NA,NA,NA,NA,NA,NA,NA
"43",NA,1,1,0,1,0,NA,NA,NA,NA,NA
"44",NA,1,0,1,1,1,NA,NA,NA,NA,NA
"45",NA,1,0,1,1,1,NA,NA,NA,NA,NA
"46",NA,1,1,0,0,0,NA,NA,NA,NA,NA
"47",NA,0,0,0,0,0,NA,NA,NA,NA,NA
"48",NA,1,1,0,0,0,NA,NA,NA,NA,NA
"49",NA,1,1,1,1,NA,NA,NA,NA,NA,NA
"50",NA,1,1,1,0,NA,NA,NA,NA,NA,NA
"51",NA,1,0,0,1,1,NA,NA,NA,NA,NA
"52",NA,1,0,1,1,1,NA,NA,NA,NA,NA
"53",NA,0,0,1,1,NA,NA,NA,NA,NA,NA
"54",NA,1,1,1,1,NA,NA,NA,NA,NA,NA
"55",NA,1,1,NA,0,0,NA,NA,NA,NA,NA
"56",NA,NA,NA,NA,NA,NA,NA,NA,NA,NA,NA
"57",NA,1,1,1,1,1,NA,NA,NA,NA,NA
"58",NA,NA,NA,0,0,0,NA,NA,NA,NA,NA
"59",NA,1,1,1,1,1,NA,NA,NA,NA,NA
"60",NA,1,1,1,0,0,NA,NA,NA,NA,NA
"61",NA,1,0,0,0,0,NA,NA,NA,NA,NA
"62",NA,0,0,0,0,1,NA,NA,NA,NA,NA
"63",NA,1,1,1,1,NA,NA,NA,NA,NA,NA
"64",NA,1,1,0,0,1,NA,NA,NA,NA,NA
"65",NA,NA,NA,1,1,1,NA,NA,NA,NA,NA
"66",NA,1,NA,0,0,NA,NA,0,NA,NA,0
"67",NA,1,1,0,0,1,NA,NA,NA,NA,NA
"68",NA,1,1,0,0,0,NA,NA,NA,NA,NA
"69",NA,1,1,0,0,0,NA,NA,NA,NA,NA
"70",NA,1,1,1,1,NA,NA,NA,NA,NA,NA
"71",NA,0,0,0,1,1,NA,NA,NA,NA,NA
"72",NA,1,1,0,0,0,NA,NA,NA,NA,NA
"73",NA,1,1,0,1,1,NA,NA,NA,NA,NA
"74",NA,0,0,1,1,1,NA,NA,NA,NA,NA
"75",NA,1,0,0,0,0,NA,NA,NA,NA,NA
"76",NA,1,1,0,1,0,NA,NA,NA,NA,NA
"77",NA,0,1,1,0,0,NA,NA,NA,NA,NA
"78",NA,1,1,0,0,0,NA,NA,NA,NA,NA
"79",NA,1,1,0,1,1,NA,NA,NA,NA,NA
"80",NA,0,1,0,0,0,NA,NA,NA,NA,NA
"81",NA,1,1,1,1,NA,NA,NA,NA,NA,NA
"82",0,1,1,0,1,0,1,0,NA,7,0
"83",NA,1,0,0,0,0,NA,NA,NA,NA,NA
"84",0,1,0,1,1,1,NA,0,NA,NA,0
"85",NA,1,1,1,1,1,NA,NA,NA,NA,NA
"86",NA,NA,1,NA,1,1,NA,NA,NA,NA,NA
"87",NA,NA,NA,NA,NA,NA,NA,NA,NA,NA,NA
"88",NA,NA,1,0,NA,NA,NA,NA,NA,NA,NA
"89",NA,1,1,0,0,NA,NA,NA,NA,NA,NA
"90",NA,0,1,1,0,0,NA,NA,NA,NA,NA
"91",NA,1,NA,0,NA,NA,NA,NA,NA,NA,NA
"92",NA,0,0,1,0,0,NA,NA,NA,NA,NA
"93",NA,1,1,0,0,0,NA,NA,NA,NA,NA
"94",NA,1,0,0,1,1,NA,NA,NA,NA,NA
"95",0,1,1,1,1,NA,1,1,NA,6,1
"96",NA,1,1,NA,0,0,NA,NA,NA,NA,NA
"97",NA,1,1,1,1,1,NA,NA,NA,NA,NA
"98",NA,0,0,1,1,1,NA,NA,NA,NA,NA
"99",NA,1,1,1,0,0,NA,NA,NA,NA,NA
"100",NA,1,1,0,1,1,NA,NA,NA,NA,NA
"101",NA,1,1,0,0,0,NA,NA,NA,NA,NA
"102",NA,NA,0,1,1,NA,NA,NA,NA,NA,NA
"103",NA,1,1,1,0,0,NA,NA,NA,NA,NA
"104",NA,1,1,0,0,0,NA,NA,NA,NA,NA
"105",NA,1,1,0,NA,NA,NA,NA,NA,NA,NA
"106",NA,1,1,0,0,0,NA,NA,NA,NA,NA
"107",NA,1,1,1,1,0,NA,NA,NA,NA,NA
"108",NA,NA,NA,NA,NA,NA,NA,NA,NA,NA,NA
"109",NA,1,1,1,1,NA,NA,NA,NA,NA,NA
"110",NA,0,0,1,1,1,NA,NA,NA,NA,NA
"111",NA,0,1,0,1,NA,NA,NA,NA,NA,NA
"112",NA,1,1,0,0,NA,NA,NA,NA,NA,NA
"113",NA,0,0,1,0,0,NA,NA,NA,NA,NA
"114",NA,0,0,0,0,0,NA,NA,NA,NA,NA
"115",NA,1,0,1,0,NA,NA,NA,NA,NA,NA
"116",NA,1,0,1,1,1,NA,NA,NA,NA,NA
"117",NA,1,1,1,0,0,NA,NA,NA,NA,NA
"118",NA,1,0,1,0,NA,NA,NA,NA,NA,NA
"119",NA,1,1,1,1,1,NA,NA,NA,NA,NA
"120",NA,1,1,1,0,0,NA,NA,NA,NA,NA
"121",NA,1,0,1,1,NA,NA,NA,NA,NA,NA
"122",NA,1,1,1,1,1,NA,NA,NA,NA,NA
"123",NA,1,1,1,1,1,NA,NA,NA,NA,NA
"124",NA,NA,1,1,0,0,NA,NA,NA,NA,NA
"125",NA,1,1,0,0,0,NA,NA,NA,NA,NA
"126",NA,1,1,0,0,0,NA,NA,NA,NA,NA
"127",NA,0,0,1,1,1,NA,NA,NA,NA,NA
"128",NA,1,1,0,0,0,NA,NA,NA,NA,NA
"129",NA,1,1,0,1,NA,NA,NA,NA,NA,NA
"130",NA,1,0,1,1,1,NA,NA,NA,NA,NA
"131",NA,1,1,1,1,1,NA,NA,NA,NA,NA
"132",NA,1,1,0,0,0,NA,NA,NA,NA,NA
"133",NA,1,1,1,0,NA,NA,NA,NA,NA,NA
"134",NA,1,1,0,NA,NA,NA,NA,NA,NA,NA
"135",NA,1,0,1,1,1,NA,NA,NA,NA,NA
"136",NA,1,1,0,0,0,NA,NA,NA,NA,NA
"137",NA,1,0,1,0,NA,NA,NA,NA,NA,NA
"138",NA,1,1,1,1,NA,NA,NA,NA,NA,NA
"139",NA,0,0,1,1,1,NA,NA,NA,NA,NA
"140",NA,1,1,1,1,1,NA,NA,NA,NA,NA
"141",NA,1,1,1,1,1,NA,NA,NA,NA,NA
"142",NA,1,1,1,1,1,NA,NA,NA,NA,NA
"143",NA,1,0,1,1,1,NA,NA,NA,NA,NA
"144",NA,1,1,0,0,1,NA,NA,NA,NA,NA
"145",NA,1,1,1,1,1,NA,NA,NA,NA,NA
"146",NA,1,1,0,0,0,NA,NA,NA,NA,NA
"147",NA,1,1,1,0,0,NA,NA,NA,NA,NA
"148",NA,1,1,0,1,NA,NA,NA,NA,NA,NA
"149",NA,NA,NA,NA,NA,NA,NA,NA,NA,NA,NA
"150",NA,1,1,0,0,0,NA,NA,NA,NA,NA
"151",NA,0,0,1,0,0,NA,NA,NA,NA,NA
"152",NA,1,1,0,1,1,NA,NA,NA,NA,NA
"153",NA,1,1,0,1,1,NA,NA,NA,NA,NA
"154",NA,1,0,1,1,0,NA,NA,NA,NA,NA
"155",NA,1,1,1,1,1,NA,NA,NA,NA,NA
"156",NA,1,1,0,1,1,NA,NA,NA,NA,NA
"157",NA,0,0,1,1,1,NA,NA,NA,NA,NA
"158",NA,1,1,1,1,1,NA,NA,NA,NA,NA
"159",NA,1,0,1,1,1,NA,NA,NA,NA,NA
"160",NA,1,1,1,1,1,NA,NA,NA,NA,NA
"161",NA,1,1,1,1,1,NA,NA,NA,NA,NA
"162",NA,1,1,1,1,NA,NA,NA,NA,NA,NA
"163",NA,1,1,1,1,1,NA,NA,NA,NA,NA
"164",NA,0,0,1,0,0,NA,NA,NA,NA,NA
"165",NA,1,1,1,1,1,NA,NA,NA,NA,NA
"166",NA,1,1,1,1,NA,NA,NA,NA,NA,NA
"167",NA,1,1,1,0,0,NA,NA,NA,NA,NA
"168",NA,1,1,1,1,1,NA,NA,NA,NA,NA
"169",NA,1,1,0,0,0,NA,NA,NA,NA,NA
"170",0,1,1,1,1,1,NA,0,4,7,0
"171",NA,1,1,0,1,1,NA,NA,NA,NA,NA
"172",NA,1,1,0,0,0,NA,NA,NA,NA,NA
"173",NA,0,1,0,0,1,NA,NA,NA,NA,NA
"174",NA,1,1,1,1,NA,NA,NA,NA,NA,NA
"175",NA,0,1,0,0,0,NA,NA,NA,NA,NA
"176",NA,1,0,1,1,1,NA,NA,NA,NA,NA
"177",NA,1,1,1,1,NA,NA,NA,NA,NA,NA
"178",NA,1,1,1,1,NA,NA,NA,NA,NA,NA
"179",NA,1,1,1,0,NA,NA,NA,NA,NA,NA
"180",NA,1,1,0,1,0,NA,NA,NA,NA,NA
"181",NA,0,0,0,1,1,NA,NA,NA,NA,NA
"182",NA,1,1,1,1,NA,NA,NA,NA,NA,NA
"183",NA,1,1,0,0,0,NA,NA,NA,NA,NA
"184",NA,0,1,0,1,0,NA,NA,NA,NA,NA
"185",NA,NA,NA,NA,NA,NA,NA,NA,NA,NA,NA
"186",NA,1,1,1,1,1,NA,NA,NA,NA,NA
"187",NA,1,1,1,1,NA,NA,NA,NA,NA,NA
"188",NA,0,1,1,1,1,NA,NA,NA,NA,NA
"189",NA,0,0,0,0,NA,NA,NA,NA,NA,NA
"190",NA,0,0,1,1,1,NA,NA,NA,NA,NA
"191",NA,1,1,0,1,1,NA,NA,NA,NA,NA
"192",NA,1,0,1,1,1,NA,NA,NA,NA,NA
"193",NA,1,1,0,0,1,NA,NA,NA,NA,NA
"194",NA,1,0,0,1,1,NA,NA,NA,NA,NA
"195",NA,1,1,1,1,1,NA,NA,NA,NA,NA
"196",NA,1,1,0,0,NA,NA,NA,NA,NA,NA
"197",NA,1,1,0,0,0,NA,NA,NA,NA,NA
"198",NA,1,1,1,1,1,NA,NA,NA,NA,NA
"199",NA,1,0,0,0,NA,NA,NA,NA,NA,NA
"200",NA,1,1,1,0,0,NA,NA,NA,NA,NA
"201",NA,1,0,1,0,1,NA,NA,NA,NA,NA
"202",NA,1,1,0,0,0,NA,NA,NA,NA,NA
"203",NA,1,1,1,1,1,NA,NA,NA,NA,NA
"204",NA,1,1,0,0,0,NA,NA,NA,NA,NA
"205",NA,1,0,0,1,1,NA,NA,NA,NA,NA
"206",NA,1,1,1,1,0,NA,NA,NA,NA,NA
"207",NA,1,0,1,1,1,NA,NA,NA,NA,NA
"208",NA,NA,NA,NA,NA,NA,NA,NA,NA,NA,NA
"209",0,1,1,0,0,0,1,1,6,6,1
"210",NA,NA,NA,NA,NA,NA,NA,NA,NA,NA,NA
"211",NA,1,1,0,0,0,NA,NA,NA,NA,NA
"212",NA,1,1,1,1,1,NA,NA,NA,NA,NA
"213",NA,1,1,0,1,1,NA,NA,NA,NA,NA
"214",NA,1,0,1,1,1,NA,NA,NA,NA,NA
"215",NA,1,1,0,0,0,NA,NA,NA,NA,NA
"216",NA,1,1,1,1,1,NA,NA,NA,NA,NA
"217",NA,0,1,0,0,0,NA,NA,NA,NA,NA
"218",NA,1,0,1,1,1,NA,NA,NA,NA,NA
"219",NA,0,0,1,1,1,NA,NA,NA,NA,NA
"220",NA,NA,1,0,0,0,NA,NA,NA,NA,NA
"221",NA,1,0,1,0,1,NA,NA,NA,NA,NA
"222",NA,1,1,1,1,1,NA,NA,NA,NA,NA
"223",NA,1,1,1,1,1,NA,NA,NA,NA,NA
"224",NA,1,1,1,0,0,NA,NA,NA,NA,NA
"225",0,1,1,1,1,1,1,1,NA,7,1
"226",NA,1,0,1,1,1,NA,NA,NA,NA,NA
"227",NA,1,1,0,1,1,NA,NA,NA,NA,NA
"228",NA,1,0,0,1,1,NA,NA,NA,NA,NA
"229",0,1,1,0,0,0,1,1,NA,6,1
"230",NA,1,1,0,0,1,NA,NA,NA,NA,NA
"231",NA,1,0,0,1,1,NA,NA,NA,NA,NA
"232",NA,1,1,1,0,0,NA,NA,NA,NA,NA
"233",NA,1,1,0,0,0,NA,NA,NA,NA,NA
"234",NA,1,1,1,1,1,NA,NA,NA,NA,NA
"235",NA,1,1,1,1,NA,NA,NA,NA,NA,NA
"236",NA,1,1,0,0,0,NA,NA,NA,NA,NA
"237",NA,1,1,0,1,1,NA,NA,NA,NA,NA
"238",0,1,1,1,0,0,1,1,5,6,0
"239",NA,0,0,1,0,0,NA,NA,NA,NA,NA
"240",NA,1,1,0,0,0,NA,NA,NA,NA,NA
"241",NA,1,1,0,0,0,NA,NA,NA,NA,NA
"242",1,0,1,0,0,0,1,0,5,3,1
"243",NA,1,1,1,1,1,NA,NA,NA,NA,NA
"244",NA,1,1,0,1,0,NA,NA,NA,NA,NA
"245",NA,1,1,0,0,NA,NA,NA,NA,NA,NA
"246",NA,1,1,0,0,NA,NA,NA,NA,NA,NA
"247",NA,1,1,0,0,0,NA,NA,NA,NA,NA
"248",1,1,1,1,1,0,1,0,6,6,1
"249",NA,1,1,0,0,1,NA,NA,NA,NA,NA
"250",NA,1,1,1,0,NA,NA,NA,NA,NA,NA
"251",NA,1,1,0,0,0,NA,NA,NA,NA,NA
"252",NA,1,1,0,0,0,NA,NA,NA,NA,NA
"253",NA,1,1,0,0,NA,NA,NA,NA,NA,NA
"254",NA,1,1,1,1,1,NA,NA,NA,NA,NA
"255",NA,1,1,0,0,0,NA,NA,NA,NA,NA
"256",NA,1,1,0,0,0,NA,NA,NA,NA,NA
"257",NA,1,1,1,1,1,NA,NA,NA,NA,NA
"258",NA,1,1,1,1,1,NA,NA,NA,NA,NA
"259",NA,0,0,0,0,0,NA,NA,NA,NA,NA
"260",NA,1,1,1,0,0,NA,NA,NA,NA,NA
"261",NA,1,1,0,1,1,NA,NA,NA,NA,NA
"262",NA,1,1,0,0,0,NA,NA,NA,NA,NA
"263",NA,1,1,1,1,1,NA,NA,NA,NA,NA
"264",NA,1,1,1,1,1,NA,NA,NA,NA,NA
"265",NA,1,0,0,0,1,NA,NA,NA,NA,NA
"266",NA,1,1,1,0,0,NA,NA,NA,NA,NA
"267",NA,1,1,1,0,0,NA,NA,NA,NA,NA
"268",NA,NA,0,1,NA,NA,NA,NA,NA,NA,NA
"269",NA,0,1,NA,0,1,NA,NA,NA,NA,NA
"270",NA,1,1,1,1,NA,NA,NA,NA,NA,NA
"271",NA,0,1,0,0,0,NA,NA,NA,NA,NA
"272",NA,1,0,1,1,1,NA,NA,NA,NA,NA
"273",NA,1,1,0,0,0,NA,NA,NA,NA,NA
"274",NA,1,NA,1,1,NA,NA,NA,NA,NA,NA
"275",NA,1,1,0,0,0,NA,NA,NA,NA,NA
"276",NA,1,0,1,1,1,NA,NA,NA,NA,NA
"277",NA,1,NA,1,1,1,NA,NA,NA,NA,NA
"278",NA,0,0,1,1,1,NA,NA,NA,NA,NA
"279",NA,1,0,1,1,NA,NA,NA,NA,NA,NA
"280",NA,1,1,0,1,1,NA,NA,NA,NA,NA
"281",NA,1,1,1,0,0,NA,NA,NA,NA,NA
"282",0,1,1,1,1,1,NA,1,1,6,0
"283",NA,0,0,1,1,1,NA,NA,NA,NA,NA
"284",NA,1,1,0,1,0,NA,NA,NA,NA,NA
"285",NA,1,1,1,1,1,NA,NA,NA,NA,NA
"286",NA,1,1,1,NA,NA,NA,NA,NA,NA,NA
"287",NA,1,1,0,0,0,NA,NA,NA,NA,NA
"288",NA,1,1,0,1,1,NA,NA,NA,NA,NA
"289",NA,1,1,0,1,0,NA,NA,NA,NA,NA
"290",NA,1,1,0,1,0,NA,NA,NA,NA,NA
"291",NA,1,1,0,0,1,NA,NA,NA,NA,NA
"292",NA,1,1,0,1,1,NA,NA,NA,NA,NA
"293",NA,1,1,1,1,1,NA,NA,NA,NA,NA
"294",NA,1,0,1,1,1,NA,NA,NA,NA,NA
"295",NA,0,NA,1,1,0,NA,NA,NA,NA,NA
"296",NA,1,1,1,1,1,NA,NA,NA,NA,NA
"297",NA,1,1,0,0,0,NA,NA,NA,NA,NA
"298",NA,1,1,0,1,NA,NA,NA,NA,NA,NA
"299",NA,1,NA,NA,NA,NA,NA,NA,NA,NA,NA
"300",NA,NA,NA,0,0,NA,NA,NA,NA,NA,NA
"301",NA,0,NA,NA,NA,NA,NA,NA,NA,NA,NA
"302",NA,1,0,1,1,1,NA,NA,NA,NA,NA
"303",NA,1,1,0,0,0,NA,NA,NA,NA,NA
"304",0,1,1,0,1,1,0,1,1,4,0
"305",0,1,1,1,1,NA,NA,1,2,7,1
"306",NA,NA,NA,NA,NA,NA,NA,NA,NA,NA,NA
"307",NA,1,1,NA,NA,1,NA,NA,NA,NA,NA
"308",NA,1,1,1,0,NA,NA,NA,NA,NA,NA
"309",NA,1,1,0,0,0,NA,NA,NA,NA,NA
"310",NA,1,0,1,1,1,NA,NA,NA,NA,NA
"311",0,1,0,0,1,1,NA,1,5,6,0
"312",NA,1,0,1,1,1,NA,NA,NA,NA,NA
"313",NA,1,1,0,0,1,NA,NA,NA,NA,NA
"314",NA,NA,NA,1,NA,NA,NA,NA,NA,NA,NA
"315",NA,1,1,1,1,1,NA,NA,NA,NA,NA
"316",NA,1,1,1,1,NA,NA,NA,NA,NA,NA
"317",0,1,1,0,1,0,1,1,NA,7,0
"318",NA,1,1,1,0,0,NA,NA,NA,NA,NA
"319",NA,0,0,0,0,NA,NA,NA,NA,NA,NA
"320",NA,0,1,1,0,0,NA,NA,NA,NA,NA
"321",NA,1,1,1,1,1,NA,NA,NA,NA,NA
"322",0,1,0,1,1,1,NA,0,NA,NA,0
"323",1,1,1,0,1,NA,1,0,4,7,1
"324",0,0,0,1,1,1,0,0,2,6,1
"325",NA,1,1,1,1,1,NA,NA,NA,NA,NA
"326",NA,1,1,1,1,0,NA,NA,NA,NA,NA
"327",NA,1,1,1,1,1,NA,NA,NA,NA,NA
"328",NA,1,1,NA,0,NA,NA,NA,NA,NA,NA
"329",NA,1,0,1,0,1,NA,NA,NA,NA,NA
"330",0,1,1,0,1,1,1,0,NA,7,1
"331",NA,0,1,1,1,1,NA,NA,NA,NA,NA
"332",NA,1,1,1,1,1,NA,NA,NA,NA,NA
"333",NA,1,1,1,0,0,NA,NA,NA,NA,NA
"334",NA,1,1,1,1,1,NA,NA,NA,NA,NA
"335",NA,1,0,1,1,NA,NA,NA,NA,NA,NA
"336",0,1,1,1,1,1,0,1,NA,7,1
"337",NA,0,0,1,1,1,NA,NA,NA,NA,NA
"338",NA,1,1,1,1,1,NA,NA,NA,NA,NA
"339",NA,1,0,1,1,1,NA,NA,NA,NA,NA
"340",NA,1,NA,0,0,1,NA,NA,NA,NA,NA
"341",NA,1,1,0,1,0,NA,NA,NA,NA,NA
"342",0,1,1,1,1,NA,1,1,6,7,0
"343",NA,1,1,1,1,1,NA,NA,NA,NA,NA
"344",NA,0,1,1,1,1,NA,NA,NA,NA,NA
"345",NA,1,1,1,0,1,NA,NA,NA,NA,NA
"346",NA,1,1,0,0,0,NA,NA,NA,NA,NA
"347",NA,0,1,1,1,1,NA,NA,NA,NA,NA
"348",NA,NA,NA,NA,NA,NA,NA,NA,NA,NA,NA
"349",NA,1,1,1,1,1,NA,NA,NA,NA,NA
"350",NA,1,1,0,0,0,NA,NA,NA,NA,NA
"351",NA,0,1,1,1,1,NA,NA,NA,NA,NA
"352",NA,1,1,1,1,1,NA,NA,NA,NA,NA
"353",NA,1,1,1,1,1,NA,NA,NA,NA,NA
"354",NA,1,0,0,0,0,NA,NA,NA,NA,NA
"355",NA,1,1,0,0,0,NA,NA,NA,NA,NA
"356",NA,1,1,0,0,0,NA,NA,NA,NA,NA
"357",0,1,1,1,1,1,0,1,NA,7,0
"358",NA,1,0,1,1,1,NA,NA,NA,NA,NA
"359",NA,1,1,0,0,0,NA,NA,NA,NA,NA
"360",NA,1,1,1,1,1,NA,NA,NA,NA,NA
"361",NA,1,0,1,1,1,NA,NA,NA,NA,NA
"362",NA,1,1,1,0,0,NA,NA,NA,NA,NA
"363",0,1,1,1,0,0,1,1,5,7,1
"364",NA,1,1,0,0,0,NA,NA,NA,NA,NA
"365",NA,0,0,1,1,1,NA,NA,NA,NA,NA
"366",NA,1,0,1,1,NA,NA,NA,NA,NA,NA
"367",NA,0,1,0,0,NA,NA,NA,NA,NA,NA
"368",NA,1,1,1,NA,NA,NA,NA,NA,NA,NA
"369",NA,1,1,0,1,1,NA,NA,NA,NA,NA
"370",0,1,1,1,1,1,1,1,5,7,1
"371",NA,1,0,1,0,0,NA,NA,NA,NA,NA
"372",NA,1,1,1,1,1,NA,NA,NA,NA,NA
"373",NA,NA,NA,NA,1,1,NA,NA,NA,NA,NA
"374",NA,1,1,1,1,1,NA,NA,NA,NA,NA
"375",NA,0,0,1,1,1,NA,NA,NA,NA,NA
"376",NA,1,1,1,1,1,NA,NA,NA,NA,NA
"377",NA,1,1,0,1,1,NA,NA,NA,NA,NA
"378",NA,0,0,0,1,0,NA,NA,NA,NA,NA
"379",NA,1,1,1,1,1,NA,NA,NA,NA,NA
"380",NA,1,1,0,1,1,NA,NA,NA,NA,NA
"381",NA,NA,NA,NA,NA,NA,NA,NA,NA,NA,NA
"382",NA,1,1,1,1,NA,NA,NA,NA,NA,NA
"383",NA,1,0,1,1,1,NA,NA,NA,NA,NA
"384",NA,1,0,1,1,1,NA,NA,NA,NA,NA
"385",NA,1,1,0,0,0,NA,NA,NA,NA,NA
"386",0,1,1,0,1,1,1,0,4,6,1
"387",NA,1,0,0,1,1,NA,NA,NA,NA,NA
"388",NA,1,1,0,0,NA,NA,NA,NA,NA,NA
"389",NA,0,0,0,0,0,NA,NA,NA,NA,NA
"390",0,1,1,0,0,0,1,1,5,6,1
"391",NA,0,1,0,0,0,NA,NA,NA,NA,NA
"392",NA,1,1,1,1,1,NA,NA,NA,NA,NA
"393",NA,1,1,0,0,0,NA,NA,NA,NA,NA
"394",NA,1,1,0,0,0,NA,NA,NA,NA,NA
"395",NA,1,1,1,1,1,NA,NA,NA,NA,NA
"396",NA,1,1,1,1,1,NA,NA,NA,NA,NA
"397",NA,1,1,0,0,0,NA,NA,NA,NA,NA
"398",NA,1,1,1,1,1,NA,NA,NA,NA,NA
"399",NA,1,1,1,1,1,NA,NA,NA,NA,NA
"400",NA,1,1,1,0,0,NA,NA,NA,NA,NA
"401",NA,1,1,1,1,1,NA,NA,NA,NA,NA
"402",0,NA,NA,NA,NA,NA,1,1,6,6,1
"403",NA,1,1,1,1,1,NA,NA,NA,NA,NA
"404",NA,1,1,1,1,NA,NA,NA,NA,NA,NA
"405",NA,1,NA,0,1,1,NA,NA,NA,NA,NA
"406",NA,1,1,0,1,1,NA,NA,NA,NA,NA
"407",NA,1,0,1,1,NA,NA,NA,NA,NA,NA
"408",NA,1,1,1,1,NA,NA,NA,NA,NA,NA
"409",0,1,1,1,0,0,1,1,5,6,1
"410",NA,1,1,1,1,1,NA,NA,NA,NA,NA
"411",NA,1,1,0,0,0,NA,NA,NA,NA,NA
"412",NA,1,1,1,1,1,NA,NA,NA,NA,NA
"413",0,1,1,0,0,NA,1,1,2,6,1
"414",NA,0,1,0,0,0,NA,NA,NA,NA,NA
"415",NA,1,1,1,1,1,NA,NA,NA,NA,NA
"416",NA,1,1,0,1,1,NA,NA,NA,NA,NA
"417",NA,1,1,0,0,0,NA,NA,NA,NA,NA
"418",NA,NA,1,0,0,0,NA,NA,NA,NA,NA
"419",1,NA,NA,NA,NA,0,NA,0,NA,NA,0
"420",NA,1,1,1,0,0,NA,NA,NA,NA,NA
"421",NA,1,1,0,0,0,NA,NA,NA,NA,NA
"422",NA,1,1,1,1,1,NA,NA,NA,NA,NA
"423",NA,0,0,1,1,1,NA,NA,NA,NA,NA
"424",NA,0,0,1,1,1,NA,NA,NA,NA,NA
"425",NA,0,1,0,0,0,NA,NA,NA,NA,NA
"426",0,1,1,1,1,1,1,1,NA,6,0
"427",NA,1,1,1,1,1,NA,NA,NA,NA,NA
"428",NA,1,1,0,0,0,NA,NA,NA,NA,NA
"429",NA,1,1,1,1,1,NA,NA,NA,NA,NA
"430",NA,NA,NA,NA,NA,NA,NA,NA,NA,NA,NA
"431",NA,1,1,0,0,0,NA,NA,NA,NA,NA
"432",NA,0,0,1,1,1,NA,NA,NA,NA,NA
"433",NA,1,1,1,1,NA,NA,NA,NA,NA,NA
"434",NA,1,1,1,1,1,NA,NA,NA,NA,NA
"435",0,1,1,0,0,0,1,0,4,6,1
"436",NA,1,1,0,1,NA,NA,NA,NA,NA,NA
"437",NA,1,1,1,1,1,NA,NA,NA,NA,NA
"438",0,1,1,1,0,0,1,1,2,6,1
"439",NA,1,0,1,1,1,NA,NA,NA,NA,NA
"440",0,1,1,1,0,0,NA,1,6,6,1
"441",NA,1,1,0,1,1,NA,NA,NA,NA,NA
"442",NA,0,0,0,0,NA,NA,NA,NA,NA,NA
"443",NA,1,1,1,1,NA,NA,NA,NA,NA,NA
"444",NA,1,1,1,1,1,NA,NA,NA,NA,NA
"445",NA,1,1,1,1,1,NA,NA,NA,NA,NA
"446",NA,1,1,0,0,0,NA,NA,NA,NA,NA
"447",NA,1,1,0,0,0,NA,NA,NA,NA,NA
"448",1,0,0,0,1,1,1,0,NA,7,0
"449",NA,1,1,1,1,1,NA,NA,NA,NA,NA
"450",NA,0,0,0,0,0,NA,NA,NA,NA,NA
"451",NA,1,1,0,0,0,NA,NA,NA,NA,NA
"452",NA,1,1,1,1,1,NA,NA,NA,NA,NA
"453",NA,NA,NA,NA,NA,NA,NA,NA,NA,NA,NA
"454",NA,1,NA,0,1,1,NA,NA,NA,NA,NA
"455",NA,1,1,0,0,0,NA,NA,NA,NA,NA
"456",NA,1,1,1,0,1,NA,NA,NA,NA,NA
"457",NA,0,0,1,1,1,NA,NA,NA,NA,NA
"458",0,1,1,0,0,0,1,1,5,6,1
"459",NA,1,1,1,1,1,NA,NA,NA,NA,NA
"460",NA,1,1,0,0,NA,NA,NA,NA,NA,NA
"461",NA,1,1,0,0,0,NA,NA,NA,NA,NA
"462",NA,1,0,1,0,1,NA,NA,NA,NA,NA
"463",NA,1,1,1,1,1,NA,NA,NA,NA,NA
"464",NA,1,1,1,1,0,NA,NA,NA,NA,NA
"465",NA,1,1,1,1,1,NA,NA,NA,NA,NA
"466",NA,0,1,1,1,1,NA,NA,NA,NA,NA
"467",NA,1,NA,1,1,1,NA,NA,NA,NA,NA
"468",NA,1,1,1,1,NA,NA,NA,NA,NA,NA
"469",NA,1,1,0,0,0,NA,NA,NA,NA,NA
"470",NA,1,1,1,1,NA,NA,NA,NA,NA,NA
"471",NA,1,1,1,1,1,NA,NA,NA,NA,NA
"472",NA,1,1,1,1,1,NA,NA,NA,NA,NA
"473",NA,1,1,1,1,1,NA,NA,NA,NA,NA
"474",NA,1,1,1,1,1,NA,NA,NA,NA,NA
"475",NA,1,0,1,1,1,NA,NA,NA,NA,NA
"476",NA,NA,NA,NA,NA,NA,NA,NA,NA,NA,NA
"477",NA,1,1,1,1,1,NA,NA,NA,NA,NA
"478",NA,1,1,0,0,0,NA,NA,NA,NA,NA
"479",NA,1,1,1,1,NA,NA,NA,NA,NA,NA
"480",NA,1,1,0,0,0,NA,NA,NA,NA,NA
"481",NA,1,1,1,1,NA,NA,NA,NA,NA,NA
"482",NA,1,1,0,0,0,NA,NA,NA,NA,NA
"483",NA,1,1,0,0,0,NA,NA,NA,NA,NA
"484",0,1,1,0,0,0,1,0,5,6,1
"485",0,1,1,0,1,1,1,1,4,6,1
"486",NA,0,1,0,0,0,NA,NA,NA,NA,NA
"487",NA,NA,NA,NA,NA,NA,NA,NA,NA,NA,NA
"488",NA,1,1,0,0,0,NA,NA,NA,NA,NA
"489",NA,1,0,NA,1,1,NA,NA,NA,NA,NA
"490",NA,1,1,0,0,0,NA,NA,NA,NA,NA
"491",NA,1,1,1,1,NA,NA,NA,NA,NA,NA
"492",NA,NA,NA,NA,NA,NA,NA,NA,NA,NA,NA
"493",0,1,1,1,0,0,1,0,4,5,0
"494",0,1,1,0,0,0,1,1,4,6,1
"495",NA,1,1,1,1,1,NA,NA,NA,NA,NA
"496",0,1,1,0,0,0,1,0,NA,6,1
"497",NA,1,1,0,0,0,NA,NA,NA,NA,NA
"498",NA,1,1,0,0,NA,NA,NA,NA,NA,NA
"499",NA,1,NA,0,0,0,NA,NA,NA,NA,NA
"500",NA,NA,NA,NA,NA,NA,NA,NA,NA,NA,NA
"501",NA,1,1,1,1,1,NA,NA,NA,NA,NA
"502",NA,1,1,1,1,NA,NA,NA,NA,NA,NA
"503",0,1,0,1,1,1,1,0,2,6,1
"504",NA,1,1,0,0,0,NA,NA,NA,NA,NA
"505",0,1,1,1,1,1,0,0,NA,7,0
"506",NA,1,0,1,1,1,NA,NA,NA,NA,NA
"507",NA,1,1,1,1,1,NA,NA,NA,NA,NA
"508",NA,1,0,0,1,1,NA,NA,NA,NA,NA
"509",NA,1,1,1,1,1,NA,NA,NA,NA,NA
"510",0,1,1,1,1,1,1,1,6,7,1
"511",NA,1,1,1,0,0,NA,NA,NA,NA,NA
"512",NA,0,0,0,0,NA,NA,NA,NA,NA,NA
"513",0,0,0,1,1,1,NA,0,NA,NA,0
"514",NA,1,1,1,1,NA,NA,NA,NA,NA,NA
"515",0,1,1,1,0,NA,1,1,2,6,1
"516",NA,1,1,0,0,0,NA,NA,NA,NA,NA
"517",NA,0,0,1,1,1,NA,NA,NA,NA,NA
"518",NA,1,1,0,0,0,NA,NA,NA,NA,NA
"519",NA,1,1,1,1,1,NA,NA,NA,NA,NA
"520",NA,1,1,1,1,1,NA,NA,NA,NA,NA
"521",NA,1,1,0,1,1,NA,NA,NA,NA,NA
"522",NA,NA,NA,0,NA,NA,NA,NA,NA,NA,NA
"523",NA,1,1,0,0,0,NA,NA,NA,NA,NA
"524",0,1,1,1,0,NA,1,0,NA,6,1
"525",NA,1,1,0,0,0,NA,NA,NA,NA,NA
"526",NA,1,NA,1,1,NA,NA,NA,NA,NA,NA
"527",NA,1,1,1,0,1,NA,NA,NA,NA,NA
"528",0,1,1,1,1,1,NA,0,4,6,1
"529",NA,1,1,1,1,NA,NA,NA,NA,NA,NA
"530",NA,1,1,1,1,NA,NA,NA,NA,NA,NA
"531",NA,1,1,1,0,NA,NA,NA,NA,NA,NA
"532",0,1,1,0,1,1,1,0,4,6,1
"533",NA,1,0,0,1,1,NA,NA,NA,NA,NA
"534",0,1,0,1,1,1,0,1,2,6,1
"535",NA,1,1,0,0,0,NA,NA,NA,NA,NA
"536",NA,1,1,1,1,NA,NA,NA,NA,NA,NA
"537",NA,1,1,1,1,1,NA,NA,NA,NA,NA
"538",NA,NA,NA,NA,NA,NA,NA,NA,NA,NA,NA
"539",NA,1,1,1,0,0,NA,NA,NA,NA,NA
"540",NA,1,1,0,1,1,NA,NA,NA,NA,NA
"541",NA,1,1,0,0,0,NA,NA,NA,NA,NA
"542",NA,0,1,0,0,0,NA,NA,NA,NA,NA
"543",NA,1,1,1,1,1,NA,NA,NA,NA,NA
"544",NA,1,1,1,1,1,NA,NA,NA,NA,NA
"545",NA,1,1,1,1,NA,NA,NA,NA,NA,NA
"546",NA,1,1,1,1,1,NA,NA,NA,NA,NA
"547",NA,1,1,1,0,0,NA,NA,NA,NA,NA
"548",NA,1,1,1,1,1,NA,NA,NA,NA,NA
"549",NA,1,1,1,0,0,NA,NA,NA,NA,NA
"550",NA,0,1,0,0,0,NA,NA,NA,NA,NA
"551",NA,1,1,1,1,1,NA,NA,NA,NA,NA
"552",NA,0,0,1,1,1,NA,NA,NA,NA,NA
"553",0,1,1,1,1,1,0,1,NA,7,0
"554",NA,1,1,1,1,NA,NA,NA,NA,NA,NA
"555",NA,1,0,0,1,1,NA,NA,NA,NA,NA
"556",NA,1,1,0,0,0,NA,NA,NA,NA,NA
"557",NA,1,1,1,1,1,NA,NA,NA,NA,NA
"558",NA,1,1,1,1,1,NA,NA,NA,NA,NA
"559",NA,1,1,1,0,0,NA,NA,NA,NA,NA
"560",NA,1,1,0,0,0,NA,NA,NA,NA,NA
"561",NA,1,1,1,1,1,NA,NA,NA,NA,NA
"562",NA,1,1,1,1,1,NA,NA,NA,NA,NA
"563",NA,1,1,0,1,1,NA,NA,NA,NA,NA
"564",NA,1,0,1,1,1,NA,NA,NA,NA,NA
"565",NA,0,0,1,1,1,NA,NA,NA,NA,NA
"566",NA,1,NA,1,1,1,NA,NA,NA,NA,NA
"567",NA,NA,1,1,1,NA,NA,NA,NA,NA,NA
"568",NA,1,1,0,0,NA,NA,NA,NA,NA,NA
"569",NA,1,1,1,1,1,NA,NA,NA,NA,NA
"570",NA,0,1,1,0,0,NA,NA,NA,NA,NA
"571",NA,1,1,1,0,0,NA,NA,NA,NA,NA
"572",NA,NA,1,0,NA,NA,NA,NA,NA,NA,NA
"573",NA,1,1,0,0,0,NA,NA,NA,NA,NA
"574",0,1,1,0,0,0,1,1,4,6,1
"575",NA,1,0,1,1,1,NA,NA,NA,NA,NA
"576",NA,1,1,0,1,1,NA,NA,NA,NA,NA
"577",NA,1,0,1,1,1,NA,NA,NA,NA,NA
"578",NA,1,1,0,0,NA,NA,NA,NA,NA,NA
"579",0,1,1,0,0,0,1,1,5,6,1
"580",NA,1,1,0,0,0,NA,NA,NA,NA,NA
"581",NA,1,0,1,1,1,NA,NA,NA,NA,NA
"582",NA,1,1,1,1,1,NA,NA,NA,NA,NA
"583",0,1,1,1,0,0,1,0,2,7,1
"584",NA,1,1,0,1,1,NA,NA,NA,NA,NA
"585",NA,1,1,0,0,0,NA,NA,NA,NA,NA
"586",NA,1,1,1,1,1,NA,NA,NA,NA,NA
"587",NA,0,1,1,1,1,NA,NA,NA,NA,NA
"588",NA,0,0,1,1,1,NA,NA,NA,NA,NA
"589",NA,1,1,1,1,1,NA,NA,NA,NA,NA
"590",NA,1,1,1,1,1,NA,NA,NA,NA,NA
"591",NA,1,0,1,1,1,NA,NA,NA,NA,NA
"592",NA,1,0,1,1,1,NA,NA,NA,NA,NA
"593",NA,1,1,0,NA,NA,NA,NA,NA,NA,NA
"594",NA,1,1,0,0,0,NA,NA,NA,NA,NA
"595",NA,1,0,0,1,1,NA,NA,NA,NA,NA
"596",NA,1,1,0,0,0,NA,NA,NA,NA,NA
"597",NA,1,1,1,1,1,NA,NA,NA,NA,NA
"598",NA,1,1,1,1,1,NA,NA,NA,NA,NA
"599",0,1,1,0,0,0,1,1,5,6,1
"600",NA,1,1,0,0,0,NA,NA,NA,NA,NA
"601",NA,1,1,1,1,1,NA,NA,NA,NA,NA
"602",NA,1,1,0,0,0,NA,NA,NA,NA,NA
"603",NA,0,1,1,0,0,NA,NA,NA,NA,NA
"604",NA,1,1,1,1,1,NA,NA,NA,NA,NA
"605",0,1,1,0,0,0,1,1,2,6,0
"606",NA,1,0,1,0,0,NA,NA,NA,NA,NA
"607",NA,1,1,0,1,1,NA,NA,NA,NA,NA
"608",NA,1,1,1,0,NA,NA,NA,NA,NA,NA
"609",NA,0,NA,NA,NA,NA,NA,NA,NA,NA,NA
"610",NA,1,1,1,1,1,NA,NA,NA,NA,NA
"611",NA,1,1,1,0,1,NA,NA,NA,NA,NA
"612",NA,0,0,0,1,NA,NA,NA,NA,NA,NA
"613",NA,1,1,NA,0,0,NA,NA,NA,NA,NA
"614",NA,0,1,1,1,1,NA,NA,NA,NA,NA
"615",NA,1,1,1,1,NA,NA,NA,NA,NA,NA
"616",NA,1,1,1,1,1,NA,NA,NA,NA,NA
"617",NA,0,1,1,0,1,NA,NA,NA,NA,NA
"618",NA,1,1,0,1,1,NA,NA,NA,NA,NA
"619",0,1,1,0,0,0,1,1,6,6,1
"620",NA,1,1,0,0,0,NA,NA,NA,NA,NA
"621",NA,1,1,0,0,0,NA,NA,NA,NA,NA
"622",NA,1,1,0,1,1,NA,NA,NA,NA,NA
"623",NA,1,1,0,0,0,NA,NA,NA,NA,NA
"624",NA,1,1,1,0,0,NA,NA,NA,NA,NA
"625",NA,1,1,0,NA,0,NA,NA,NA,NA,NA
"626",NA,NA,1,0,0,0,NA,NA,NA,NA,NA
"627",NA,1,1,0,0,0,NA,NA,NA,NA,NA
"628",NA,1,0,0,0,0,NA,NA,NA,NA,NA
"629",NA,1,1,0,0,1,NA,NA,NA,NA,NA
"630",NA,1,1,0,NA,NA,NA,NA,NA,NA,NA
"631",0,1,1,1,1,1,NA,0,1,7,0
"632",NA,1,1,0,1,1,NA,NA,NA,NA,NA
"633",NA,1,1,1,1,1,NA,NA,NA,NA,NA
"634",NA,1,1,1,1,1,NA,NA,NA,NA,NA
"635",NA,1,1,0,0,0,NA,NA,NA,NA,NA
"636",NA,1,1,1,1,1,NA,NA,NA,NA,NA
"637",NA,1,1,1,0,NA,NA,NA,NA,NA,NA
"638",NA,1,0,1,0,0,NA,NA,NA,NA,NA
"639",NA,0,0,0,1,1,NA,NA,NA,NA,NA
"640",NA,0,0,1,0,0,NA,NA,NA,NA,NA
"641",NA,1,1,1,1,1,NA,NA,NA,NA,NA
"642",NA,1,1,1,1,NA,NA,NA,NA,NA,NA
"643",NA,1,1,0,1,1,NA,NA,NA,NA,NA
"644",NA,0,1,0,0,0,NA,NA,NA,NA,NA
"645",NA,1,1,1,1,NA,NA,NA,NA,NA,NA
"646",NA,1,1,1,1,1,NA,NA,NA,NA,NA
"647",NA,1,1,0,0,0,NA,NA,NA,NA,NA
"648",NA,1,1,0,0,0,NA,NA,NA,NA,NA
"649",NA,1,1,1,1,1,NA,NA,NA,NA,NA
"650",NA,1,1,0,0,0,NA,NA,NA,NA,NA
"651",NA,1,1,1,0,0,NA,NA,NA,NA,NA
"652",NA,1,1,0,0,0,NA,NA,NA,NA,NA
"653",NA,0,1,1,1,1,NA,NA,NA,NA,NA
"654",NA,1,0,0,0,0,NA,NA,NA,NA,NA
"655",NA,1,1,1,1,NA,NA,NA,NA,NA,NA
"656",NA,1,0,1,1,1,NA,NA,NA,NA,NA
"657",NA,1,0,0,0,0,NA,NA,NA,NA,NA
"658",NA,1,0,0,1,0,NA,NA,NA,NA,NA
"659",0,1,1,0,0,0,1,0,NA,7,1
"660",NA,1,1,0,0,1,NA,NA,NA,NA,NA
"661",NA,1,1,1,1,1,NA,NA,NA,NA,NA
"662",NA,1,1,1,1,NA,NA,NA,NA,NA,NA
"663",NA,1,1,1,1,1,NA,NA,NA,NA,NA
"664",NA,1,1,1,1,1,NA,NA,NA,NA,NA
"665",NA,NA,NA,NA,NA,NA,NA,NA,NA,NA,NA
"666",NA,1,1,1,1,1,NA,NA,NA,NA,NA
"667",NA,1,1,1,1,1,NA,NA,NA,NA,NA
"668",NA,1,1,1,1,1,NA,NA,NA,NA,NA
"669",NA,NA,NA,NA,NA,NA,NA,NA,NA,NA,NA
"670",NA,1,1,0,1,1,NA,NA,NA,NA,NA
"671",NA,NA,NA,NA,NA,NA,NA,NA,NA,NA,NA
"672",NA,0,1,0,0,0,NA,NA,NA,NA,NA
"673",NA,1,1,1,1,1,NA,NA,NA,NA,NA
"674",NA,1,1,0,1,1,NA,NA,NA,NA,NA
"675",NA,1,0,0,0,1,NA,NA,NA,NA,NA
"676",NA,NA,NA,NA,NA,NA,NA,NA,NA,NA,NA
"677",NA,1,1,1,1,1,NA,NA,NA,NA,NA
"678",NA,1,1,1,1,1,NA,NA,NA,NA,NA
"679",NA,NA,NA,NA,NA,NA,NA,NA,NA,NA,NA
"680",NA,1,1,NA,1,NA,NA,NA,NA,NA,NA
"681",NA,1,1,0,0,0,NA,NA,NA,NA,NA
"682",NA,1,1,1,1,1,NA,NA,NA,NA,NA
"683",NA,1,1,1,1,1,NA,NA,NA,NA,NA
"684",NA,1,1,1,NA,NA,NA,NA,NA,NA,NA
"685",1,1,0,0,1,1,0,0,5,6,1
"686",NA,1,1,0,0,0,NA,NA,NA,NA,NA
"687",NA,NA,NA,NA,NA,NA,NA,NA,NA,NA,NA
"688",NA,NA,1,0,0,0,NA,NA,NA,NA,NA
"689",NA,1,NA,1,1,1,NA,NA,NA,NA,NA
"690",NA,0,0,1,1,1,NA,NA,NA,NA,NA
"691",NA,1,1,0,0,0,NA,NA,NA,NA,NA
"692",NA,1,NA,1,1,1,NA,NA,NA,NA,NA
"693",NA,1,1,0,1,1,NA,NA,NA,NA,NA
"694",NA,1,1,0,0,0,NA,NA,NA,NA,NA
"695",NA,1,1,1,0,NA,NA,NA,NA,NA,NA
"696",NA,1,1,0,1,NA,NA,NA,NA,NA,NA
"697",NA,1,1,1,1,1,NA,NA,NA,NA,NA
"698",NA,1,1,1,NA,NA,NA,NA,NA,NA,NA
"699",NA,1,1,NA,NA,NA,NA,NA,NA,NA,NA
"700",NA,0,0,0,1,1,NA,NA,NA,NA,NA
"701",NA,0,0,0,1,1,NA,NA,NA,NA,NA
"702",NA,NA,1,1,NA,NA,NA,NA,NA,NA,NA
"703",NA,1,1,1,1,1,NA,NA,NA,NA,NA
"704",NA,1,1,1,1,1,NA,NA,NA,NA,NA
"705",NA,1,1,0,0,0,NA,NA,NA,NA,NA
"706",0,1,0,0,1,1,NA,0,2,7,1
"707",NA,1,1,0,0,NA,NA,NA,NA,NA,NA
"708",0,1,1,1,1,1,NA,1,NA,7,0
"709",NA,1,0,1,1,1,NA,NA,NA,NA,NA
"710",NA,1,1,0,1,1,NA,NA,NA,NA,NA
"711",NA,1,0,1,1,NA,NA,NA,NA,NA,NA
"712",NA,1,0,0,1,1,NA,NA,NA,NA,NA
"713",1,1,1,1,1,1,0,0,4,7,0
"714",NA,1,1,0,1,1,NA,NA,NA,NA,NA
"715",NA,1,0,1,1,NA,NA,NA,NA,NA,NA
"716",NA,1,0,1,1,1,NA,NA,NA,NA,NA
"717",NA,1,1,0,1,NA,NA,NA,NA,NA,NA
"718",NA,1,1,1,1,1,NA,NA,NA,NA,NA
"719",NA,1,1,0,0,0,NA,NA,NA,NA,NA
"720",NA,0,1,0,0,0,NA,NA,NA,NA,NA
"721",NA,1,1,0,0,0,NA,NA,NA,NA,NA
"722",1,0,1,0,1,1,1,0,NA,NA,0
"723",NA,1,1,1,1,1,NA,NA,NA,NA,NA
"724",NA,1,1,1,1,NA,NA,NA,NA,NA,NA
"725",NA,1,1,1,0,0,NA,NA,NA,NA,NA
"726",NA,NA,NA,NA,NA,NA,NA,NA,NA,NA,NA
"727",NA,1,1,1,1,1,NA,NA,NA,NA,NA
"728",NA,1,1,1,1,1,NA,NA,NA,NA,NA
"729",NA,1,1,1,1,1,NA,NA,NA,NA,NA
"730",NA,1,1,1,1,1,NA,NA,NA,NA,NA
"731",NA,1,1,1,1,1,NA,NA,NA,NA,NA
"732",NA,0,1,0,1,1,NA,NA,NA,NA,NA
"733",NA,1,0,1,1,1,NA,NA,NA,NA,NA
"734",NA,1,1,1,1,1,NA,NA,NA,NA,NA
"735",NA,1,1,1,1,1,NA,NA,NA,NA,NA
"736",NA,1,1,1,1,1,NA,NA,NA,NA,NA
"737",NA,1,1,1,1,1,NA,NA,NA,NA,NA
"738",NA,1,1,0,0,0,NA,NA,NA,NA,NA
"739",NA,1,1,1,1,1,NA,NA,NA,NA,NA
"740",NA,1,1,NA,1,1,NA,NA,NA,NA,NA
"741",NA,1,1,1,1,1,NA,NA,NA,NA,NA
"742",0,1,0,1,1,1,1,1,2,7,1
"743",NA,1,1,0,1,1,NA,NA,NA,NA,NA
"744",NA,0,1,NA,1,NA,NA,NA,NA,NA,NA
"745",NA,0,0,0,0,NA,NA,NA,NA,NA,NA
"746",NA,1,0,0,1,1,NA,NA,NA,NA,NA
"747",NA,1,1,1,1,1,NA,NA,NA,NA,NA
"748",NA,NA,NA,1,1,NA,NA,NA,NA,NA,NA
"749",NA,1,1,0,1,1,NA,NA,NA,NA,NA
"750",NA,0,1,0,0,NA,NA,NA,NA,NA,NA
"751",NA,NA,0,0,1,1,NA,NA,NA,NA,NA
"752",NA,1,1,1,1,1,NA,NA,NA,NA,NA
"753",NA,NA,NA,1,NA,NA,NA,NA,NA,NA,NA
"754",NA,1,1,1,1,1,NA,NA,NA,NA,NA
"755",NA,0,0,0,1,1,NA,NA,NA,NA,NA
"756",NA,1,1,0,0,0,NA,NA,NA,NA,NA
"757",NA,1,1,1,1,NA,NA,NA,NA,NA,NA
"758",NA,1,1,1,0,0,NA,NA,NA,NA,NA
"759",NA,1,0,1,1,1,NA,NA,NA,NA,NA
"760",NA,1,1,0,1,NA,NA,NA,NA,NA,NA
"761",NA,1,1,1,1,1,NA,NA,NA,NA,NA
"762",NA,1,1,0,0,0,NA,NA,NA,NA,NA
"763",NA,NA,NA,0,NA,NA,NA,NA,NA,NA,NA
"764",NA,1,1,1,1,NA,NA,NA,NA,NA,NA
"765",NA,1,1,0,0,0,NA,NA,NA,NA,NA
"766",NA,0,0,0,0,1,NA,NA,NA,NA,NA
"767",NA,1,1,1,1,1,NA,NA,NA,NA,NA
"768",NA,NA,NA,NA,NA,NA,NA,NA,NA,NA,NA
"769",NA,1,1,0,0,0,NA,NA,NA,NA,NA
"770",NA,0,0,0,0,0,NA,NA,NA,NA,NA
"771",NA,1,1,1,1,NA,NA,NA,NA,NA,NA
"772",NA,1,1,1,0,0,NA,NA,NA,NA,NA
"773",NA,1,NA,0,NA,0,NA,NA,NA,NA,NA
"774",NA,1,0,1,1,NA,NA,NA,NA,NA,NA
"775",NA,1,1,1,0,0,NA,NA,NA,NA,NA
"776",NA,0,0,0,0,NA,NA,NA,NA,NA,NA
"777",NA,1,1,1,1,1,NA,NA,NA,NA,NA
"778",NA,NA,NA,1,NA,NA,NA,NA,NA,NA,NA
"779",NA,1,0,1,1,NA,NA,NA,NA,NA,NA
"780",NA,0,1,1,1,NA,NA,NA,NA,NA,NA
"781",NA,0,1,0,0,0,NA,NA,NA,NA,NA
"782",NA,1,0,0,1,0,NA,NA,NA,NA,NA
"783",NA,1,1,0,0,NA,NA,NA,NA,NA,NA
"784",NA,1,1,0,1,1,NA,NA,NA,NA,NA
"785",NA,0,0,0,0,NA,NA,NA,NA,NA,NA
"786",NA,0,1,0,0,0,NA,NA,NA,NA,NA
"787",NA,1,0,1,1,1,NA,NA,NA,NA,NA
"788",NA,NA,1,0,0,0,NA,NA,NA,NA,NA
"789",NA,1,1,0,0,0,NA,NA,NA,NA,NA
"790",NA,0,0,1,1,NA,NA,NA,NA,NA,NA
"791",NA,1,1,1,1,1,NA,NA,NA,NA,NA
"792",NA,0,0,0,NA,0,NA,NA,NA,NA,NA
"793",NA,1,0,0,0,0,NA,NA,NA,NA,NA
"794",NA,1,1,0,0,0,NA,NA,NA,NA,NA
"795",NA,1,1,1,0,0,NA,NA,NA,NA,NA
"796",NA,0,1,1,0,0,NA,NA,NA,NA,NA
"797",0,1,1,1,1,1,0,1,1,7,1
"798",NA,1,1,0,0,NA,NA,NA,NA,NA,NA
"799",NA,1,1,0,0,0,NA,NA,NA,NA,NA
"800",0,1,1,1,1,1,0,0,4,5,1
"801",NA,1,0,0,0,1,NA,NA,NA,NA,NA
"802",NA,1,1,0,0,0,NA,NA,NA,NA,NA
"803",NA,1,1,1,1,1,NA,NA,NA,NA,NA
"804",NA,1,1,1,0,0,NA,NA,NA,NA,NA
"805",NA,1,1,0,0,0,NA,NA,NA,NA,NA
"806",1,1,1,0,1,NA,1,0,2,6,1
"807",NA,1,1,1,1,1,NA,NA,NA,NA,NA
"808",0,1,1,1,1,0,1,1,4,6,1
"809",NA,1,1,0,1,1,NA,NA,NA,NA,NA
"810",NA,1,1,1,1,1,NA,NA,NA,NA,NA
"811",NA,0,0,1,0,NA,NA,NA,NA,NA,NA
"812",NA,1,1,1,1,1,NA,NA,NA,NA,NA
"813",NA,NA,0,1,1,1,NA,NA,NA,NA,NA
"814",NA,NA,NA,NA,NA,NA,NA,NA,NA,NA,NA
"815",NA,1,0,1,1,1,NA,NA,NA,NA,NA
"816",NA,1,1,1,1,NA,NA,NA,NA,NA,NA
"817",NA,0,0,0,0,0,NA,NA,NA,NA,NA
"818",NA,1,1,1,1,1,NA,NA,NA,NA,NA
"819",NA,1,1,0,0,0,NA,NA,NA,NA,NA
"820",NA,0,0,0,0,0,NA,NA,NA,NA,NA
"821",NA,1,1,1,0,0,NA,NA,NA,NA,NA
"822",NA,1,1,0,0,0,NA,NA,NA,NA,NA
"823",NA,NA,NA,NA,NA,1,NA,NA,NA,NA,NA
"824",NA,1,1,1,1,0,NA,NA,NA,NA,NA
"825",NA,1,1,0,0,0,NA,NA,NA,NA,NA
"826",0,1,1,1,1,1,1,1,4,7,1
"827",NA,1,1,1,1,1,NA,NA,NA,NA,NA
"828",0,1,0,1,1,1,1,1,4,7,1
"829",NA,NA,NA,1,0,0,NA,NA,NA,NA,NA
"830",NA,1,1,0,0,0,NA,NA,NA,NA,NA
"831",NA,1,0,1,1,1,NA,NA,NA,NA,NA
"832",NA,1,1,1,1,0,NA,NA,NA,NA,NA
"833",0,1,1,0,0,0,NA,0,2,6,1
"834",NA,NA,NA,NA,NA,NA,NA,NA,NA,NA,NA
"835",NA,1,1,1,0,NA,NA,NA,NA,NA,NA
"836",0,1,0,1,1,NA,1,0,4,6,1
"837",0,0,1,0,0,0,1,0,NA,5,1
"838",NA,0,0,1,1,1,NA,NA,NA,NA,NA
"839",NA,1,1,1,1,1,NA,NA,NA,NA,NA
"840",NA,1,1,1,1,NA,NA,NA,NA,NA,NA
"841",NA,1,1,1,1,1,NA,NA,NA,NA,NA
"842",NA,1,1,0,1,1,NA,NA,NA,NA,NA
"843",NA,1,1,1,0,0,NA,NA,NA,NA,NA
"844",NA,1,1,1,1,1,NA,NA,NA,NA,NA
"845",NA,1,1,1,1,1,NA,NA,NA,NA,NA
"846",0,1,1,1,0,0,1,1,NA,6,1
"847",NA,1,0,0,1,1,NA,NA,NA,NA,NA
"848",1,1,1,0,0,0,1,0,6,6,1
"849",NA,0,1,0,0,0,NA,NA,NA,NA,NA
"850",0,0,1,0,0,0,1,1,6,4,1
"851",NA,NA,0,1,1,1,NA,NA,NA,NA,NA
"852",NA,0,0,0,0,1,NA,NA,NA,NA,NA
"853",NA,0,0,1,0,NA,NA,NA,NA,NA,NA
"854",NA,NA,NA,0,0,0,NA,NA,NA,NA,NA
"855",NA,1,1,0,0,0,NA,NA,NA,NA,NA
"856",NA,0,1,0,0,0,NA,NA,NA,NA,NA
"857",NA,1,1,0,NA,0,NA,NA,NA,NA,NA
"858",NA,1,0,1,1,1,NA,NA,NA,NA,NA
"859",NA,1,1,1,0,0,NA,NA,NA,NA,NA
"860",NA,NA,NA,NA,NA,NA,NA,NA,NA,NA,NA
"861",NA,1,1,0,0,0,NA,NA,NA,NA,NA
"862",NA,1,1,1,1,NA,NA,NA,NA,NA,NA
"863",NA,0,0,1,1,1,NA,NA,NA,NA,NA
"864",NA,1,1,0,0,0,NA,NA,NA,NA,NA
"865",NA,NA,1,0,0,0,NA,NA,NA,NA,NA
"866",NA,0,0,0,1,NA,NA,NA,NA,NA,NA
"867",NA,1,1,0,0,0,NA,NA,NA,NA,NA
"868",NA,1,1,0,0,1,NA,NA,NA,NA,NA
"869",NA,0,0,1,1,NA,NA,NA,NA,NA,NA
"870",NA,1,1,1,0,0,NA,NA,NA,NA,NA
"871",NA,0,0,0,1,NA,NA,NA,NA,NA,NA
"872",NA,1,1,0,0,0,NA,NA,NA,NA,NA
"873",NA,0,0,0,0,0,NA,NA,NA,NA,NA
"874",NA,1,1,0,0,0,NA,NA,NA,NA,NA
"875",NA,1,1,0,0,1,NA,NA,NA,NA,NA
"876",NA,0,0,1,1,1,NA,NA,NA,NA,NA
"877",NA,NA,NA,NA,NA,NA,NA,NA,NA,NA,NA
"878",NA,1,1,0,0,0,NA,NA,NA,NA,NA
"879",NA,1,1,0,0,0,NA,NA,NA,NA,NA
"880",NA,1,1,0,1,1,NA,NA,NA,NA,NA
"881",NA,1,1,1,1,1,NA,NA,NA,NA,NA
"882",NA,NA,NA,NA,NA,NA,NA,NA,NA,NA,NA
"883",NA,1,1,1,1,1,NA,NA,NA,NA,NA
"884",NA,1,1,1,0,0,NA,NA,NA,NA,NA
"885",NA,1,1,1,0,0,NA,NA,NA,NA,NA
"886",NA,1,1,1,NA,0,NA,NA,NA,NA,NA
"887",NA,1,0,1,1,1,NA,NA,NA,NA,NA
"888",NA,1,1,1,1,NA,NA,NA,NA,NA,NA
"889",NA,1,0,0,0,NA,NA,NA,NA,NA,NA
"890",NA,1,0,1,1,1,NA,NA,NA,NA,NA
"891",NA,1,0,0,1,1,NA,NA,NA,NA,NA
"892",NA,0,1,0,0,0,NA,NA,NA,NA,NA
"893",NA,1,1,0,0,0,NA,NA,NA,NA,NA
"894",NA,1,1,0,1,1,NA,NA,NA,NA,NA
"895",NA,NA,0,0,NA,NA,NA,NA,NA,NA,NA
"896",NA,1,1,0,0,1,NA,NA,NA,NA,NA
"897",NA,1,1,1,1,NA,NA,NA,NA,NA,NA
"898",NA,0,0,0,0,0,NA,NA,NA,NA,NA
"899",0,1,1,1,0,0,1,0,4,6,1
"900",NA,1,1,0,0,0,NA,NA,NA,NA,NA
"901",NA,1,1,1,1,0,NA,NA,NA,NA,NA
"902",NA,0,0,0,0,0,NA,NA,NA,NA,NA
"903",NA,1,1,1,1,1,NA,NA,NA,NA,NA
"904",NA,0,1,0,0,0,NA,NA,NA,NA,NA
"905",NA,1,1,1,1,NA,NA,NA,NA,NA,NA
"906",NA,1,1,0,NA,NA,NA,NA,NA,NA,NA
"907",NA,0,1,1,0,0,NA,NA,NA,NA,NA
"908",NA,1,1,0,0,0,NA,NA,NA,NA,NA
"909",NA,1,1,0,0,0,NA,NA,NA,NA,NA
"910",NA,1,0,1,1,1,NA,NA,NA,NA,NA
"911",NA,1,0,0,0,0,NA,NA,NA,NA,NA
"912",NA,1,0,1,0,1,NA,NA,NA,NA,NA
"913",NA,0,1,0,0,0,NA,NA,NA,NA,NA
"914",NA,1,0,1,1,1,NA,NA,NA,NA,NA
"915",NA,NA,NA,0,NA,NA,NA,NA,NA,NA,NA
"916",0,1,1,0,1,NA,1,0,4,6,1
"917",NA,1,0,0,1,0,NA,NA,NA,NA,NA
"918",0,1,1,1,1,1,1,1,NA,7,1
"919",NA,1,1,0,0,0,NA,NA,NA,NA,NA
"920",0,1,1,1,1,NA,1,1,1,5,1
"921",NA,1,1,0,0,0,NA,NA,NA,NA,NA
"922",NA,1,1,0,0,NA,NA,NA,NA,NA,NA
"923",NA,1,1,0,1,0,NA,NA,NA,NA,NA
"924",NA,1,1,0,0,0,NA,NA,NA,NA,NA
"925",NA,1,1,0,0,NA,NA,NA,NA,NA,NA
"926",NA,1,1,0,0,0,NA,NA,NA,NA,NA
"927",0,1,1,1,1,NA,0,1,5,4,0
"928",NA,0,1,1,1,NA,NA,NA,NA,NA,NA
"929",NA,1,1,0,1,1,NA,NA,NA,NA,NA
"930",NA,1,1,0,1,0,NA,NA,NA,NA,NA
"931",NA,1,1,NA,0,0,NA,NA,NA,NA,NA
"932",NA,NA,NA,NA,NA,0,NA,NA,NA,NA,NA
"933",0,1,0,1,1,1,0,1,2,4,0
"934",NA,0,1,1,0,0,NA,NA,NA,NA,NA
"935",NA,1,0,0,0,1,NA,NA,NA,NA,NA
"936",NA,1,1,0,0,0,NA,NA,NA,NA,NA
"937",NA,1,1,0,0,NA,NA,NA,NA,NA,NA
"938",NA,1,1,1,1,NA,NA,NA,NA,NA,NA
"939",NA,1,1,0,0,0,NA,NA,NA,NA,NA
"940",NA,1,1,0,0,0,NA,NA,NA,NA,NA
"941",NA,NA,0,NA,0,NA,NA,NA,NA,NA,NA
"942",NA,0,1,1,0,0,NA,NA,NA,NA,NA
"943",NA,0,1,0,0,0,NA,NA,NA,NA,NA
"944",NA,1,1,1,1,NA,NA,NA,NA,NA,NA
"945",0,1,1,0,1,0,1,0,4,3,1
"946",NA,1,1,0,0,0,NA,NA,NA,NA,NA
"947",NA,0,1,0,0,0,NA,NA,NA,NA,NA
"948",1,1,1,0,0,0,1,0,5,6,1
"949",NA,1,1,1,1,1,NA,NA,NA,NA,NA
"950",NA,1,1,1,0,NA,NA,NA,NA,NA,NA
"951",NA,1,1,1,1,0,NA,NA,NA,NA,NA
"952",NA,1,1,1,NA,NA,NA,NA,NA,NA,NA
"953",NA,0,1,1,0,0,NA,NA,NA,NA,NA
"954",NA,1,1,1,1,1,NA,NA,NA,NA,NA
"955",0,1,1,1,1,NA,NA,1,5,5,1
"956",NA,1,1,0,0,0,NA,NA,NA,NA,NA
"957",NA,1,1,0,0,0,NA,NA,NA,NA,NA
"958",NA,1,1,0,0,0,NA,NA,NA,NA,NA
"959",NA,1,1,0,0,0,NA,NA,NA,NA,NA
"960",NA,0,1,0,0,0,NA,NA,NA,NA,NA
"961",NA,1,1,0,0,0,NA,NA,NA,NA,NA
"962",NA,1,0,0,1,1,NA,NA,NA,NA,NA
"963",NA,1,1,1,1,1,NA,NA,NA,NA,NA
"964",NA,1,1,0,0,0,NA,NA,NA,NA,NA
"965",NA,1,1,0,0,0,NA,NA,NA,NA,NA
"966",NA,1,1,1,1,1,NA,NA,NA,NA,NA
"967",NA,0,0,1,0,1,NA,NA,NA,NA,NA
"968",NA,1,1,1,1,1,NA,NA,NA,NA,NA
"969",NA,1,0,1,1,1,NA,NA,NA,NA,NA
"970",NA,1,1,1,1,1,NA,NA,NA,NA,NA
"971",NA,NA,NA,1,NA,NA,NA,NA,NA,NA,NA
"972",NA,1,1,0,0,NA,NA,NA,NA,NA,NA
"973",NA,1,1,0,0,0,NA,NA,NA,NA,NA
"974",NA,0,1,0,0,0,NA,NA,NA,NA,NA
"975",NA,1,1,0,1,1,NA,NA,NA,NA,NA
"976",NA,1,1,0,0,0,NA,NA,NA,NA,NA
"977",NA,1,1,1,1,1,NA,NA,NA,NA,NA
"978",NA,1,1,0,0,0,NA,NA,NA,NA,NA
"979",NA,1,0,1,1,1,NA,NA,NA,NA,NA
"980",NA,1,1,1,1,1,NA,NA,NA,NA,NA
"981",NA,0,1,0,0,0,NA,NA,NA,NA,NA
"982",NA,1,1,0,0,0,NA,NA,NA,NA,NA
"983",NA,0,1,0,0,0,NA,NA,NA,NA,NA
"984",NA,1,1,0,0,0,NA,NA,NA,NA,NA
"985",NA,1,1,1,0,0,NA,NA,NA,NA,NA
"986",NA,0,0,1,0,1,NA,NA,NA,NA,NA
"987",NA,1,0,0,1,0,NA,NA,NA,NA,NA
"988",0,1,1,1,1,1,1,0,2,6,1
"989",NA,1,1,1,0,0,NA,NA,NA,NA,NA
"990",NA,1,1,1,1,1,NA,NA,NA,NA,NA
"991",NA,1,1,0,0,0,NA,NA,NA,NA,NA
"992",NA,1,1,0,1,NA,NA,NA,NA,NA,NA
"993",NA,1,1,0,NA,0,NA,NA,NA,NA,NA
"994",NA,1,0,0,0,0,NA,NA,NA,NA,NA
"995",NA,1,1,0,0,0,NA,NA,NA,NA,NA
"996",NA,1,1,1,1,NA,NA,NA,NA,NA,NA
"997",0,0,0,0,1,NA,1,0,4,4,0
"998",NA,0,1,0,0,0,NA,NA,NA,NA,NA
"999",NA,1,1,1,NA,NA,NA,NA,NA,NA,NA
"1000",NA,1,1,1,1,1,NA,NA,NA,NA,NA
"1001",NA,0,1,0,0,0,NA,NA,NA,NA,NA
"1002",NA,1,1,0,0,0,NA,NA,NA,NA,NA
"1003",NA,1,1,1,0,0,NA,NA,NA,NA,NA
"1004",NA,1,1,0,0,0,NA,NA,NA,NA,NA
"1005",NA,1,1,1,1,1,NA,NA,NA,NA,NA
"1006",NA,1,1,0,0,0,NA,NA,NA,NA,NA
"1007",NA,0,0,0,0,0,NA,NA,NA,NA,NA
"1008",NA,0,1,0,0,NA,NA,NA,NA,NA,NA
"1009",NA,NA,NA,NA,NA,NA,NA,NA,NA,NA,NA
"1010",NA,1,1,0,0,NA,NA,NA,NA,NA,NA
"1011",NA,0,0,0,0,0,NA,NA,NA,NA,NA
"1012",0,1,1,1,1,1,0,0,6,7,1
"1013",NA,1,0,1,1,1,NA,NA,NA,NA,NA
"1014",NA,1,1,0,0,0,NA,NA,NA,NA,NA
"1015",NA,1,1,1,0,1,NA,NA,NA,NA,NA
"1016",NA,1,1,1,1,1,NA,NA,NA,NA,NA
"1017",NA,0,0,0,0,0,NA,NA,NA,NA,NA
"1018",NA,0,0,1,1,1,NA,NA,NA,NA,NA
"1019",NA,1,1,1,0,0,NA,NA,NA,NA,NA
"1020",NA,1,1,0,0,0,NA,NA,NA,NA,NA
"1021",NA,1,1,1,1,1,NA,NA,NA,NA,NA
"1022",NA,1,1,1,1,NA,NA,NA,NA,NA,NA
"1023",NA,1,0,0,0,0,NA,NA,NA,NA,NA
"1024",NA,0,1,0,0,0,NA,NA,NA,NA,NA
"1025",NA,1,1,0,0,0,NA,NA,NA,NA,NA
"1026",NA,1,1,0,0,NA,NA,NA,NA,NA,NA
"1027",NA,1,0,1,1,NA,NA,NA,NA,NA,NA
"1028",NA,1,1,0,0,0,NA,NA,NA,NA,NA
"1029",NA,0,0,0,0,0,NA,NA,NA,NA,NA
"1030",NA,1,1,1,0,0,NA,NA,NA,NA,NA
"1031",NA,1,1,0,0,0,NA,NA,NA,NA,NA
"1032",NA,1,1,0,0,1,NA,NA,NA,NA,NA
"1033",NA,1,1,0,0,0,NA,NA,NA,NA,NA
"1034",NA,0,1,0,0,0,NA,NA,NA,NA,NA
"1035",NA,1,1,0,0,0,NA,NA,NA,NA,NA
"1036",NA,1,1,1,NA,NA,NA,NA,NA,NA,NA
"1037",NA,1,0,1,1,1,NA,NA,NA,NA,NA
"1038",NA,0,1,0,0,0,NA,NA,NA,NA,NA
"1039",NA,1,1,1,1,1,NA,NA,NA,NA,NA
"1040",NA,1,1,1,1,1,NA,NA,NA,NA,NA
"1041",NA,0,1,1,0,0,NA,NA,NA,NA,NA
"1042",NA,1,1,0,1,1,NA,NA,NA,NA,NA
"1043",NA,0,0,1,1,NA,NA,NA,NA,NA,NA
"1044",NA,1,1,1,0,0,NA,NA,NA,NA,NA
"1045",NA,1,1,1,1,1,NA,NA,NA,NA,NA
"1046",NA,1,0,0,1,1,NA,NA,NA,NA,NA
"1047",NA,1,1,0,0,0,NA,NA,NA,NA,NA
"1048",NA,1,1,0,0,0,NA,NA,NA,NA,NA
"1049",NA,0,1,0,0,NA,NA,NA,NA,NA,NA
"1050",NA,0,1,0,0,0,NA,NA,NA,NA,NA
"1051",NA,1,1,0,0,NA,NA,NA,NA,NA,NA
"1052",NA,1,1,0,0,0,NA,NA,NA,NA,NA
"1053",NA,1,1,0,NA,NA,NA,NA,NA,NA,NA
"1054",NA,1,0,0,1,1,NA,NA,NA,NA,NA
"1055",NA,1,1,1,1,1,NA,NA,NA,NA,NA
"1056",NA,1,1,0,0,0,NA,NA,NA,NA,NA
"1057",NA,1,1,0,0,0,NA,NA,NA,NA,NA
"1058",NA,1,1,0,1,1,NA,NA,NA,NA,NA
"1059",NA,0,1,0,0,0,NA,NA,NA,NA,NA
"1060",1,1,1,0,0,0,NA,0,5,6,1
"1061",NA,1,0,1,1,1,NA,NA,NA,NA,NA
"1062",NA,1,1,1,1,1,NA,NA,NA,NA,NA
"1063",NA,1,1,0,0,0,NA,NA,NA,NA,NA
"1064",NA,0,1,0,1,0,NA,NA,NA,NA,NA
"1065",NA,0,0,0,0,0,NA,NA,NA,NA,NA
"1066",NA,1,1,0,1,1,NA,NA,NA,NA,NA
"1067",NA,1,1,0,0,NA,NA,NA,NA,NA,NA
"1068",NA,1,1,0,0,NA,NA,NA,NA,NA,NA
"1069",1,1,0,1,1,1,0,0,6,5,0
"1070",NA,1,1,0,0,0,NA,NA,NA,NA,NA
"1071",NA,0,0,1,1,1,NA,NA,NA,NA,NA
"1072",NA,1,NA,NA,1,0,NA,NA,NA,NA,NA
"1073",NA,1,1,1,1,NA,NA,NA,NA,NA,NA
"1074",NA,1,0,0,1,1,NA,NA,NA,NA,NA
"1075",NA,1,1,0,NA,NA,NA,NA,NA,NA,NA
"1076",NA,1,1,1,0,0,NA,NA,NA,NA,NA
"1077",NA,1,0,1,1,NA,NA,NA,NA,NA,NA
"1078",NA,1,1,0,0,0,NA,NA,NA,NA,NA
"1079",NA,1,1,1,0,NA,NA,NA,NA,NA,NA
"1080",NA,0,NA,0,0,0,NA,NA,NA,NA,NA
"1081",NA,NA,1,0,0,0,NA,NA,NA,NA,NA
"1082",NA,1,1,0,0,0,NA,NA,NA,NA,NA
"1083",NA,1,1,0,0,0,NA,NA,NA,NA,NA
"1084",NA,1,1,1,NA,NA,NA,NA,NA,NA,NA
"1085",NA,1,0,NA,1,NA,NA,NA,NA,NA,NA
"1086",NA,1,0,0,1,1,NA,NA,NA,NA,NA
"1087",NA,0,1,0,0,0,NA,NA,NA,NA,NA
"1088",NA,1,1,1,1,1,NA,NA,NA,NA,NA
"1089",NA,1,1,1,1,1,NA,NA,NA,NA,NA
"1090",NA,1,0,0,0,1,NA,NA,NA,NA,NA
"1091",NA,NA,NA,NA,NA,NA,NA,NA,NA,NA,NA
"1092",NA,1,1,0,0,0,NA,NA,NA,NA,NA
"1093",NA,1,1,1,1,NA,NA,NA,NA,NA,NA
"1094",NA,1,1,1,0,0,NA,NA,NA,NA,NA
"1095",NA,1,1,0,0,0,NA,NA,NA,NA,NA
"1096",NA,0,1,0,0,0,NA,NA,NA,NA,NA
"1097",NA,1,0,1,1,1,NA,NA,NA,NA,NA
"1098",NA,1,0,1,1,1,NA,NA,NA,NA,NA
"1099",NA,1,1,0,0,0,NA,NA,NA,NA,NA
"1100",NA,NA,NA,0,NA,NA,NA,NA,NA,NA,NA
"1101",NA,1,1,1,0,NA,NA,NA,NA,NA,NA
"1102",NA,1,1,0,0,1,NA,NA,NA,NA,NA
"1103",NA,1,1,0,0,NA,NA,NA,NA,NA,NA
"1104",NA,1,1,0,0,NA,NA,NA,NA,NA,NA
"1105",NA,1,1,1,1,1,NA,NA,NA,NA,NA
"1106",NA,1,1,1,1,1,NA,NA,NA,NA,NA
"1107",NA,1,1,0,0,0,NA,NA,NA,NA,NA
"1108",NA,1,1,0,0,0,NA,NA,NA,NA,NA
"1109",NA,1,1,1,1,1,NA,NA,NA,NA,NA
"1110",NA,NA,NA,NA,NA,NA,NA,NA,NA,NA,NA
"1111",NA,1,0,1,1,NA,NA,NA,NA,NA,NA
"1112",NA,0,0,1,0,1,NA,NA,NA,NA,NA
"1113",NA,1,1,1,1,1,NA,NA,NA,NA,NA
"1114",NA,1,1,1,0,NA,NA,NA,NA,NA,NA
"1115",NA,1,1,1,1,1,NA,NA,NA,NA,NA
"1116",NA,1,1,1,1,1,NA,NA,NA,NA,NA
"1117",NA,1,1,1,1,1,NA,NA,NA,NA,NA
"1118",NA,1,1,0,1,NA,NA,NA,NA,NA,NA
"1119",NA,1,1,1,0,NA,NA,NA,NA,NA,NA
"1120",NA,1,1,0,0,0,NA,NA,NA,NA,NA
"1121",NA,1,1,1,1,1,NA,NA,NA,NA,NA
"1122",NA,1,1,1,1,1,NA,NA,NA,NA,NA
"1123",0,1,1,1,1,NA,1,0,NA,6,1
"1124",1,1,1,0,0,0,0,0,5,5,0
"1125",NA,0,0,1,1,1,NA,NA,NA,NA,NA
"1126",NA,0,1,1,0,0,NA,NA,NA,NA,NA
"1127",NA,1,NA,1,1,1,NA,NA,NA,NA,NA
"1128",NA,1,0,0,0,1,NA,NA,NA,NA,NA
"1129",NA,1,1,0,1,NA,NA,NA,NA,NA,NA
"1130",NA,1,1,1,1,NA,NA,NA,NA,NA,NA
"1131",NA,1,1,1,1,1,NA,NA,NA,NA,NA
"1132",NA,1,1,1,1,1,NA,NA,NA,NA,NA
"1133",NA,NA,NA,NA,NA,NA,NA,NA,NA,NA,NA
"1134",0,1,1,0,0,0,1,0,2,6,0
"1135",NA,0,0,0,1,1,NA,NA,NA,NA,NA
"1136",NA,1,0,1,1,NA,NA,NA,NA,NA,NA
"1137",NA,0,0,0,0,0,NA,NA,NA,NA,NA
"1138",NA,1,1,1,1,NA,NA,NA,NA,NA,NA
"1139",NA,1,1,1,1,1,NA,NA,NA,NA,NA
"1140",1,0,1,0,0,0,0,0,6,5,1
"1141",NA,1,1,1,1,1,NA,NA,NA,NA,NA
"1142",NA,1,1,1,1,1,NA,NA,NA,NA,NA
"1143",NA,1,1,0,1,1,NA,NA,NA,NA,NA
"1144",NA,1,1,1,1,1,NA,NA,NA,NA,NA
"1145",NA,NA,NA,NA,NA,NA,NA,NA,NA,NA,NA
"1146",NA,0,1,0,0,0,NA,NA,NA,NA,NA
"1147",NA,0,0,1,1,1,NA,NA,NA,NA,NA
"1148",NA,1,1,0,0,NA,NA,NA,NA,NA,NA
"1149",NA,1,1,1,1,1,NA,NA,NA,NA,NA
"1150",0,1,1,1,0,0,0,0,2,4,1
"1151",NA,1,1,0,0,0,NA,NA,NA,NA,NA
"1152",NA,1,1,1,0,NA,NA,NA,NA,NA,NA
"1153",NA,1,1,0,1,0,NA,NA,NA,NA,NA
"1154",NA,1,0,1,1,1,NA,NA,NA,NA,NA
"1155",NA,NA,NA,0,NA,NA,NA,NA,NA,NA,NA
"1156",1,1,1,1,1,NA,1,0,4,5,1
"1157",NA,1,1,0,0,0,NA,NA,NA,NA,NA
"1158",NA,0,0,0,1,1,NA,NA,NA,NA,NA
"1159",0,1,1,1,0,0,1,1,2,7,1
"1160",NA,1,1,1,1,1,NA,NA,NA,NA,NA
"1161",NA,0,0,0,0,0,NA,NA,NA,NA,NA
"1162",NA,1,1,1,1,1,NA,NA,NA,NA,NA
"1163",NA,NA,NA,NA,NA,NA,NA,NA,NA,NA,NA
"1164",NA,1,0,1,1,1,NA,NA,NA,NA,NA
"1165",NA,NA,NA,NA,NA,NA,NA,NA,NA,NA,NA
"1166",NA,1,NA,1,1,NA,NA,NA,NA,NA,NA
"1167",NA,1,1,1,1,1,NA,NA,NA,NA,NA
"1168",NA,1,1,1,0,0,NA,NA,NA,NA,NA
"1169",NA,1,0,1,1,1,NA,NA,NA,NA,NA
"1170",NA,0,0,0,1,1,NA,NA,NA,NA,NA
"1171",NA,1,0,1,0,0,NA,NA,NA,NA,NA
"1172",NA,1,0,0,1,1,NA,NA,NA,NA,NA
"1173",NA,0,1,0,0,0,NA,NA,NA,NA,NA
"1174",NA,1,1,1,1,1,NA,NA,NA,NA,NA
"1175",0,1,1,0,1,0,1,1,2,6,1
"1176",NA,NA,NA,NA,NA,NA,NA,NA,NA,NA,NA
"1177",NA,1,0,0,NA,NA,NA,NA,NA,NA,NA
"1178",NA,1,1,0,0,NA,NA,NA,NA,NA,NA
"1179",NA,1,0,1,1,1,NA,NA,NA,NA,NA
"1180",NA,1,1,1,0,NA,NA,NA,NA,NA,NA
"1181",0,1,1,1,1,1,1,0,2,4,0
"1182",NA,1,1,1,1,1,NA,NA,NA,NA,NA
"1183",NA,1,1,1,0,0,NA,NA,NA,NA,NA
"1184",NA,1,1,0,1,0,NA,NA,NA,NA,NA
"1185",NA,1,0,0,1,1,NA,NA,NA,NA,NA
"1186",NA,1,0,1,1,1,NA,NA,NA,NA,NA
"1187",NA,1,0,1,0,NA,NA,NA,NA,NA,NA
"1188",NA,1,1,0,0,0,NA,NA,NA,NA,NA
"1189",NA,0,0,1,1,NA,NA,NA,NA,NA,NA
"1190",NA,1,0,1,1,1,NA,NA,NA,NA,NA
"1191",NA,1,1,0,0,NA,NA,NA,NA,NA,NA
"1192",NA,1,1,0,1,1,NA,NA,NA,NA,NA
"1193",NA,1,1,1,1,1,NA,NA,NA,NA,NA
"1194",1,0,0,1,1,1,0,0,5,7,1
"1195",NA,1,1,0,NA,0,NA,NA,NA,NA,NA
"1196",NA,1,1,1,1,1,NA,NA,NA,NA,NA
"1197",NA,NA,NA,NA,NA,NA,NA,NA,NA,NA,NA
"1198",NA,1,1,1,1,1,NA,NA,NA,NA,NA
"1199",NA,1,1,1,1,NA,NA,NA,NA,NA,NA
"1200",1,1,1,1,1,1,0,0,NA,4,1
"1201",NA,0,0,1,0,0,NA,NA,NA,NA,NA
"1202",NA,1,1,0,1,1,NA,NA,NA,NA,NA
"1203",NA,1,1,1,1,1,NA,NA,NA,NA,NA
"1204",NA,NA,NA,NA,NA,NA,NA,NA,NA,NA,NA
"1205",NA,1,1,0,0,0,NA,NA,NA,NA,NA
"1206",NA,0,1,0,0,0,NA,NA,NA,NA,NA
"1207",NA,0,0,1,1,0,NA,NA,NA,NA,NA
"1208",1,1,1,0,1,1,1,0,6,6,0
"1209",NA,1,0,0,0,1,NA,NA,NA,NA,NA
"1210",NA,1,0,1,1,1,NA,NA,NA,NA,NA
"1211",NA,0,1,0,0,0,NA,NA,NA,NA,NA
"1212",NA,NA,NA,1,NA,NA,NA,NA,NA,NA,NA
"1213",NA,1,0,1,1,1,NA,NA,NA,NA,NA
"1214",NA,0,0,1,1,0,NA,NA,NA,NA,NA
"1215",NA,1,0,1,1,1,NA,NA,NA,NA,NA
"1216",NA,1,1,1,1,1,NA,NA,NA,NA,NA
"1217",NA,1,1,1,NA,0,NA,NA,NA,NA,NA
"1218",NA,0,0,1,1,1,NA,NA,NA,NA,NA
"1219",NA,NA,NA,NA,NA,NA,NA,NA,NA,NA,NA
"1220",0,1,1,1,1,1,1,1,2,6,0
"1221",NA,1,0,0,1,1,NA,NA,NA,NA,NA
"1222",NA,1,1,1,1,1,NA,NA,NA,NA,NA
"1223",NA,1,1,1,1,1,NA,NA,NA,NA,NA
"1224",NA,1,1,1,1,NA,NA,NA,NA,NA,NA
"1225",NA,1,1,0,0,0,NA,NA,NA,NA,NA
"1226",NA,0,0,1,1,1,NA,NA,NA,NA,NA
"1227",NA,1,1,1,1,1,NA,NA,NA,NA,NA
"1228",NA,0,0,1,0,NA,NA,NA,NA,NA,NA
"1229",NA,1,1,0,0,1,NA,NA,NA,NA,NA
"1230",NA,1,1,1,0,0,NA,NA,NA,NA,NA
"1231",NA,1,1,0,0,NA,NA,NA,NA,NA,NA
"1232",NA,1,1,1,1,1,NA,NA,NA,NA,NA
"1233",0,1,0,0,NA,NA,NA,0,4,6,1
"1234",NA,0,1,1,1,1,NA,NA,NA,NA,NA
"1235",NA,1,0,1,1,1,NA,NA,NA,NA,NA
"1236",0,1,1,0,1,1,1,1,NA,6,0
"1237",NA,1,1,NA,1,1,NA,NA,NA,NA,NA
"1238",NA,1,0,0,1,1,NA,NA,NA,NA,NA
"1239",NA,1,1,1,0,0,NA,NA,NA,NA,NA
"1240",NA,1,0,0,1,1,NA,NA,NA,NA,NA
"1241",1,1,1,1,1,NA,NA,0,4,7,1
"1242",NA,1,1,0,0,0,NA,NA,NA,NA,NA
"1243",NA,1,1,0,1,NA,NA,NA,NA,NA,NA
"1244",NA,1,0,0,1,1,NA,NA,NA,NA,NA
"1245",NA,0,1,0,0,0,NA,NA,NA,NA,NA
"1246",NA,1,1,0,1,NA,NA,NA,NA,NA,NA
"1247",NA,1,1,1,1,NA,NA,NA,NA,NA,NA
"1248",NA,1,1,0,0,0,NA,NA,NA,NA,NA
"1249",NA,1,1,1,1,1,NA,NA,NA,NA,NA
"1250",1,1,1,0,0,0,1,0,5,6,1
"1251",NA,1,1,1,1,1,NA,NA,NA,NA,NA
"1252",NA,0,0,1,1,1,NA,NA,NA,NA,NA
"1253",NA,1,1,1,1,NA,NA,NA,NA,NA,NA
"1254",NA,1,1,0,1,NA,NA,NA,NA,NA,NA
"1255",NA,1,1,0,0,0,NA,NA,NA,NA,NA
"1256",NA,NA,0,0,NA,NA,NA,NA,NA,NA,NA
"1257",0,1,1,1,1,1,1,0,5,6,1
"1258",NA,0,1,0,0,0,NA,NA,NA,NA,NA
"1259",NA,0,0,0,NA,0,NA,NA,NA,NA,NA
"1260",NA,1,NA,0,0,0,NA,NA,NA,NA,NA
"1261",NA,NA,NA,NA,NA,NA,NA,NA,NA,NA,NA
"1262",NA,NA,NA,NA,NA,NA,NA,NA,NA,NA,NA
"1263",NA,1,1,1,1,1,NA,NA,NA,NA,NA
"1264",NA,1,1,1,1,1,NA,NA,NA,NA,NA
"1265",0,1,1,1,1,NA,NA,0,NA,5,0
"1266",NA,0,0,0,0,0,NA,NA,NA,NA,NA
"1267",NA,1,1,0,1,1,NA,NA,NA,NA,NA
"1268",0,1,1,0,1,1,0,1,2,6,1
"1269",NA,1,1,0,0,NA,NA,NA,NA,NA,NA
"1270",NA,1,1,0,0,0,NA,NA,NA,NA,NA
"1271",0,1,1,0,1,1,1,1,2,6,1
"1272",NA,1,1,1,0,1,NA,NA,NA,NA,NA
"1273",NA,1,1,1,1,1,NA,NA,NA,NA,NA
"1274",NA,1,1,0,1,0,NA,NA,NA,NA,NA
"1275",0,1,1,0,0,0,1,1,1,6,0
"1276",NA,1,1,1,1,1,NA,NA,NA,NA,NA
"1277",NA,NA,NA,NA,NA,NA,NA,NA,NA,NA,NA
"1278",NA,NA,0,1,0,0,NA,NA,NA,NA,NA
"1279",NA,1,0,1,1,1,NA,NA,NA,NA,NA
"1280",NA,1,1,1,0,0,NA,NA,NA,NA,NA
"1281",NA,1,1,0,1,NA,NA,NA,NA,NA,NA
"1282",NA,1,1,0,0,NA,NA,NA,NA,NA,NA
"1283",NA,1,1,1,1,1,NA,NA,NA,NA,NA
"1284",NA,1,1,1,1,NA,NA,NA,NA,NA,NA
"1285",NA,1,1,1,0,0,NA,NA,NA,NA,NA
"1286",NA,1,1,0,0,0,NA,NA,NA,NA,NA
"1287",NA,1,0,NA,1,1,NA,NA,NA,NA,NA
"1288",NA,1,0,0,1,1,NA,NA,NA,NA,NA
"1289",NA,1,0,0,1,1,NA,NA,NA,NA,NA
"1290",NA,1,0,1,NA,NA,NA,NA,NA,NA,NA
"1291",NA,0,1,1,0,0,NA,NA,NA,NA,NA
"1292",0,1,1,1,1,1,NA,1,4,7,1
"1293",NA,1,1,0,0,0,NA,NA,NA,NA,NA
"1294",NA,1,0,0,0,1,NA,NA,NA,NA,NA
"1295",NA,0,1,0,0,0,NA,NA,NA,NA,NA
"1296",1,0,1,1,0,0,1,0,4,3,0
"1297",NA,1,1,1,1,NA,NA,NA,NA,NA,NA
"1298",NA,1,1,1,1,1,NA,NA,NA,NA,NA
"1299",NA,NA,0,0,1,1,NA,NA,NA,NA,NA
"1300",NA,1,1,1,1,1,NA,NA,NA,NA,NA
"1301",NA,1,1,0,0,0,NA,NA,NA,NA,NA
"1302",NA,1,1,1,1,0,NA,NA,NA,NA,NA
"1303",NA,1,1,1,0,0,NA,NA,NA,NA,NA
"1304",NA,1,1,0,1,1,NA,NA,NA,NA,NA
"1305",NA,0,0,1,1,1,NA,NA,NA,NA,NA
"1306",NA,0,1,0,1,1,NA,NA,NA,NA,NA
"1307",NA,1,1,1,0,0,NA,NA,NA,NA,NA
"1308",1,0,0,0,0,0,1,0,4,6,0
"1309",NA,0,1,1,0,NA,NA,NA,NA,NA,NA
"1310",NA,1,0,0,0,0,NA,NA,NA,NA,NA
"1311",NA,0,1,0,0,0,NA,NA,NA,NA,NA
"1312",NA,1,1,0,0,NA,NA,NA,NA,NA,NA
"1313",NA,1,1,1,1,1,NA,NA,NA,NA,NA
"1314",NA,0,1,0,1,0,NA,NA,NA,NA,NA
"1315",NA,1,1,1,1,NA,NA,NA,NA,NA,NA
"1316",NA,NA,0,1,1,1,NA,NA,NA,NA,NA
"1317",NA,1,1,1,0,0,NA,NA,NA,NA,NA
"1318",NA,NA,NA,NA,NA,NA,NA,NA,NA,NA,NA
"1319",NA,1,1,1,0,0,NA,NA,NA,NA,NA
"1320",NA,0,0,0,1,NA,NA,NA,NA,NA,NA
"1321",NA,1,1,0,0,0,NA,NA,NA,NA,NA
"1322",NA,0,0,1,0,0,NA,NA,NA,NA,NA
"1323",NA,1,1,0,0,1,NA,NA,NA,NA,NA
"1324",NA,1,1,1,1,NA,NA,NA,NA,NA,NA
"1325",NA,1,1,1,1,1,NA,NA,NA,NA,NA
"1326",NA,1,1,1,1,1,NA,NA,NA,NA,NA
"1327",NA,0,1,0,NA,0,NA,NA,NA,NA,NA
"1328",NA,1,1,0,0,0,NA,NA,NA,NA,NA
"1329",NA,0,1,0,0,0,NA,NA,NA,NA,NA
"1330",NA,1,1,1,1,1,NA,NA,NA,NA,NA
"1331",NA,NA,NA,NA,NA,NA,NA,NA,NA,NA,NA
"1332",NA,1,1,1,1,1,NA,NA,NA,NA,NA
"1333",NA,1,1,1,0,0,NA,NA,NA,NA,NA
"1334",NA,0,1,1,0,0,NA,NA,NA,NA,NA
"1335",NA,1,0,0,0,NA,NA,NA,NA,NA,NA
"1336",NA,0,0,0,0,0,NA,NA,NA,NA,NA
"1337",NA,1,1,0,1,NA,NA,NA,NA,NA,NA
"1338",NA,0,0,1,1,1,NA,NA,NA,NA,NA
"1339",NA,1,0,1,1,1,NA,NA,NA,NA,NA
"1340",NA,NA,NA,NA,NA,1,NA,NA,NA,NA,NA
"1341",NA,1,1,0,1,1,NA,NA,NA,NA,NA
"1342",NA,1,1,1,0,0,NA,NA,NA,NA,NA
"1343",NA,1,1,1,1,1,NA,NA,NA,NA,NA
"1344",NA,1,1,NA,0,NA,NA,NA,NA,NA,NA
"1345",NA,0,0,0,NA,NA,NA,NA,NA,NA,NA
"1346",NA,1,1,1,1,1,NA,NA,NA,NA,NA
"1347",NA,0,0,1,0,1,NA,NA,NA,NA,NA
"1348",NA,1,0,1,1,1,NA,NA,NA,NA,NA
"1349",NA,0,0,1,0,0,NA,NA,NA,NA,NA
"1350",NA,1,1,0,1,1,NA,NA,NA,NA,NA
"1351",NA,NA,NA,NA,NA,NA,NA,NA,NA,NA,NA
"1352",0,1,1,1,1,1,0,0,4,7,1
"1353",NA,1,0,0,0,0,NA,NA,NA,NA,NA
"1354",NA,1,0,1,1,1,NA,NA,NA,NA,NA
"1355",NA,1,1,0,0,NA,NA,NA,NA,NA,NA
"1356",NA,0,0,0,0,0,NA,NA,NA,NA,NA
"1357",NA,1,1,0,0,1,NA,NA,NA,NA,NA
"1358",NA,1,1,1,1,NA,NA,NA,NA,NA,NA
"1359",NA,1,1,0,0,0,NA,NA,NA,NA,NA
"1360",NA,1,1,0,0,0,NA,NA,NA,NA,NA
"1361",NA,1,1,0,0,1,NA,NA,NA,NA,NA
"1362",NA,1,0,0,0,0,NA,NA,NA,NA,NA
"1363",NA,0,0,0,0,NA,NA,NA,NA,NA,NA
"1364",NA,NA,NA,NA,NA,NA,NA,NA,NA,NA,NA
"1365",NA,1,1,1,0,0,NA,NA,NA,NA,NA
"1366",NA,NA,NA,NA,NA,NA,NA,NA,NA,NA,NA
"1367",0,1,1,0,0,0,1,1,NA,5,1
"1368",NA,1,0,0,1,1,NA,NA,NA,NA,NA
"1369",NA,0,0,1,1,1,NA,NA,NA,NA,NA
"1370",NA,1,1,0,0,0,NA,NA,NA,NA,NA
"1371",NA,1,1,1,0,0,NA,NA,NA,NA,NA
"1372",NA,1,1,0,0,0,NA,NA,NA,NA,NA
"1373",NA,1,1,1,1,NA,NA,NA,NA,NA,NA
"1374",NA,0,0,1,1,1,NA,NA,NA,NA,NA
"1375",NA,0,1,1,0,0,NA,NA,NA,NA,NA
"1376",NA,0,0,1,0,0,NA,NA,NA,NA,NA
"1377",NA,1,1,0,1,1,NA,NA,NA,NA,NA
"1378",NA,1,1,1,1,1,NA,NA,NA,NA,NA
"1379",NA,1,0,0,0,NA,NA,NA,NA,NA,NA
"1380",NA,1,1,0,0,0,NA,NA,NA,NA,NA
"1381",NA,1,1,0,0,NA,NA,NA,NA,NA,NA
"1382",NA,NA,NA,NA,NA,NA,NA,NA,NA,NA,NA
"1383",NA,0,1,0,1,1,NA,NA,NA,NA,NA
"1384",NA,1,1,1,0,NA,NA,NA,NA,NA,NA
"1385",NA,1,1,0,0,NA,NA,NA,NA,NA,NA
"1386",NA,0,0,0,0,NA,NA,NA,NA,NA,NA
"1387",NA,0,0,0,0,0,NA,NA,NA,NA,NA
"1388",NA,0,0,1,1,1,NA,NA,NA,NA,NA
"1389",NA,1,1,0,0,0,NA,NA,NA,NA,NA
"1390",NA,1,1,0,0,0,NA,NA,NA,NA,NA
"1391",NA,1,1,0,1,0,NA,NA,NA,NA,NA
"1392",NA,1,1,0,1,1,NA,NA,NA,NA,NA
"1393",NA,1,0,0,0,0,NA,NA,NA,NA,NA
"1394",NA,1,1,0,0,0,NA,NA,NA,NA,NA
"1395",NA,0,0,1,0,0,NA,NA,NA,NA,NA
"1396",NA,1,1,1,0,0,NA,NA,NA,NA,NA
"1397",NA,1,1,1,0,0,NA,NA,NA,NA,NA
"1398",NA,0,0,1,0,0,NA,NA,NA,NA,NA
"1399",NA,1,0,0,0,0,NA,NA,NA,NA,NA
"1400",NA,NA,NA,NA,NA,NA,NA,NA,NA,NA,NA
"1401",NA,NA,NA,NA,NA,NA,NA,NA,NA,NA,NA
"1402",NA,1,1,0,0,0,NA,NA,NA,NA,NA
"1403",NA,1,1,0,0,0,NA,NA,NA,NA,NA
"1404",NA,1,1,1,0,0,NA,NA,NA,NA,NA
"1405",NA,1,1,1,0,NA,NA,NA,NA,NA,NA
"1406",NA,1,1,0,0,0,NA,NA,NA,NA,NA
"1407",NA,NA,NA,NA,NA,NA,NA,NA,NA,NA,NA
"1408",NA,1,0,0,0,0,NA,NA,NA,NA,NA
"1409",NA,0,0,0,1,0,NA,NA,NA,NA,NA
"1410",NA,0,0,1,1,1,NA,NA,NA,NA,NA
"1411",NA,0,0,1,0,NA,NA,NA,NA,NA,NA
"1412",1,1,1,1,0,0,1,0,5,5,1
"1413",NA,0,0,1,1,1,NA,NA,NA,NA,NA
"1414",NA,0,0,1,0,0,NA,NA,NA,NA,NA
"1415",NA,1,1,0,1,1,NA,NA,NA,NA,NA
"1416",NA,0,0,0,0,0,NA,NA,NA,NA,NA
"1417",NA,1,1,1,0,0,NA,NA,NA,NA,NA
"1418",NA,1,1,0,0,NA,NA,NA,NA,NA,NA
"1419",NA,0,0,0,0,0,NA,NA,NA,NA,NA
"1420",NA,1,0,1,0,0,NA,NA,NA,NA,NA
"1421",NA,1,1,0,0,0,NA,NA,NA,NA,NA
"1422",NA,1,1,1,0,0,NA,NA,NA,NA,NA
"1423",NA,1,1,1,0,0,NA,NA,NA,NA,NA
"1424",NA,0,1,0,0,0,NA,NA,NA,NA,NA
"1425",NA,1,1,1,0,0,NA,NA,NA,NA,NA
"1426",NA,1,1,0,1,0,NA,NA,NA,NA,NA
"1427",NA,0,1,0,0,0,NA,NA,NA,NA,NA
"1428",NA,1,1,1,0,0,NA,NA,NA,NA,NA
"1429",NA,0,1,1,0,0,NA,NA,NA,NA,NA
"1430",NA,1,1,1,0,NA,NA,NA,NA,NA,NA
"1431",NA,1,1,0,0,0,NA,NA,NA,NA,NA
"1432",NA,1,1,1,0,0,NA,NA,NA,NA,NA
"1433",NA,0,0,0,0,1,NA,NA,NA,NA,NA
"1434",NA,0,0,0,0,0,NA,NA,NA,NA,NA
"1435",NA,0,0,1,0,0,NA,NA,NA,NA,NA
"1436",NA,1,1,0,1,1,NA,NA,NA,NA,NA
"1437",NA,0,0,0,0,0,NA,NA,NA,NA,NA
"1438",NA,1,1,0,0,1,NA,NA,NA,NA,NA
"1439",NA,0,1,1,0,0,NA,NA,NA,NA,NA
"1440",NA,1,0,1,1,1,NA,NA,NA,NA,NA
"1441",NA,1,1,1,NA,NA,NA,NA,NA,NA,NA
"1442",NA,1,0,0,0,0,NA,NA,NA,NA,NA
"1443",NA,1,1,1,1,1,NA,NA,NA,NA,NA
"1444",NA,0,1,0,1,1,NA,NA,NA,NA,NA
"1445",NA,0,1,0,0,0,NA,NA,NA,NA,NA
"1446",NA,1,1,1,0,0,NA,NA,NA,NA,NA
"1447",NA,0,1,0,0,0,NA,NA,NA,NA,NA
"1448",NA,1,1,0,0,0,NA,NA,NA,NA,NA
"1449",NA,1,0,1,1,1,NA,NA,NA,NA,NA
"1450",NA,1,0,0,1,0,NA,NA,NA,NA,NA
"1451",NA,1,1,0,0,0,NA,NA,NA,NA,NA
"1452",NA,1,1,1,1,NA,NA,NA,NA,NA,NA
"1453",NA,1,1,0,0,1,NA,NA,NA,NA,NA
"1454",NA,1,1,1,1,NA,NA,NA,NA,NA,NA
"1455",NA,1,1,1,1,NA,NA,NA,NA,NA,NA
"1456",NA,0,1,0,1,1,NA,NA,NA,NA,NA
"1457",NA,1,1,1,0,NA,NA,NA,NA,NA,NA
"1458",NA,1,1,0,0,NA,NA,NA,NA,NA,NA
"1459",NA,1,1,0,0,NA,NA,NA,NA,NA,NA
"1460",1,1,1,0,0,0,1,0,6,5,1
"1461",NA,1,1,0,0,1,NA,NA,NA,NA,NA
"1462",NA,1,1,1,1,NA,NA,NA,NA,NA,NA
"1463",NA,1,1,1,0,0,NA,NA,NA,NA,NA
"1464",NA,1,1,0,0,0,NA,NA,NA,NA,NA
"1465",NA,0,0,0,0,0,NA,NA,NA,NA,NA
"1466",NA,0,1,1,1,1,NA,NA,NA,NA,NA
"1467",NA,0,0,0,0,0,NA,NA,NA,NA,NA
"1468",NA,0,0,1,1,1,NA,NA,NA,NA,NA
"1469",NA,0,1,0,0,0,NA,NA,NA,NA,NA
"1470",NA,1,1,1,1,1,NA,NA,NA,NA,NA
"1471",NA,1,1,1,1,NA,NA,NA,NA,NA,NA
"1472",NA,1,1,NA,NA,NA,NA,NA,NA,NA,NA
"1473",0,1,1,1,1,1,NA,1,2,6,1
"1474",NA,1,0,1,1,1,NA,NA,NA,NA,NA
"1475",NA,1,1,1,1,NA,NA,NA,NA,NA,NA
"1476",NA,1,1,0,0,0,NA,NA,NA,NA,NA
"1477",NA,1,1,1,1,NA,NA,NA,NA,NA,NA
"1478",NA,NA,NA,NA,NA,NA,NA,NA,NA,NA,NA
"1479",NA,1,1,1,1,NA,NA,NA,NA,NA,NA
"1480",NA,1,0,0,1,NA,NA,NA,NA,NA,NA
"1481",NA,1,1,0,0,NA,NA,NA,NA,NA,NA
"1482",NA,1,1,1,1,1,NA,NA,NA,NA,NA
"1483",NA,1,1,0,0,0,NA,NA,NA,NA,NA
"1484",NA,1,0,1,0,1,NA,NA,NA,NA,NA
"1485",NA,1,0,0,1,NA,NA,NA,NA,NA,NA
"1486",NA,1,1,1,1,1,NA,NA,NA,NA,NA
"1487",NA,NA,NA,NA,NA,NA,NA,NA,NA,NA,NA
"1488",NA,1,1,1,1,1,NA,NA,NA,NA,NA
"1489",NA,1,1,0,1,NA,NA,NA,NA,NA,NA
"1490",NA,1,1,0,NA,NA,NA,NA,NA,NA,NA
"1491",NA,0,0,1,0,0,NA,NA,NA,NA,NA
"1492",0,1,1,1,1,1,NA,0,NA,5,1
"1493",0,1,1,0,0,0,1,1,5,4,1
"1494",NA,NA,NA,NA,NA,NA,NA,NA,NA,NA,NA
"1495",NA,1,1,0,1,1,NA,NA,NA,NA,NA
"1496",NA,1,1,0,1,1,NA,NA,NA,NA,NA
"1497",NA,1,0,1,1,1,NA,NA,NA,NA,NA
"1498",NA,1,1,0,0,0,NA,NA,NA,NA,NA
"1499",NA,1,0,0,1,1,NA,NA,NA,NA,NA
"1500",NA,1,1,1,1,1,NA,NA,NA,NA,NA
"1501",NA,1,1,1,1,1,NA,NA,NA,NA,NA
"1502",NA,1,1,1,1,1,NA,NA,NA,NA,NA
"1503",NA,1,1,1,1,1,NA,NA,NA,NA,NA
"1504",NA,1,1,1,1,1,NA,NA,NA,NA,NA
"1505",NA,1,0,0,0,0,NA,NA,NA,NA,NA
"1506",NA,1,1,1,1,1,NA,NA,NA,NA,NA
"1507",NA,1,1,1,1,1,NA,NA,NA,NA,NA
"1508",NA,1,1,0,0,0,NA,NA,NA,NA,NA
"1509",NA,1,1,0,1,1,NA,NA,NA,NA,NA
"1510",NA,0,0,1,1,1,NA,NA,NA,NA,NA
"1511",0,1,1,0,1,1,NA,1,1,7,0
"1512",NA,1,0,1,1,1,NA,NA,NA,NA,NA
"1513",NA,NA,NA,NA,NA,NA,NA,NA,NA,NA,NA
"1514",NA,1,1,0,0,0,NA,NA,NA,NA,NA
"1515",NA,1,1,1,1,1,NA,NA,NA,NA,NA
"1516",NA,1,1,1,1,NA,NA,NA,NA,NA,NA
"1517",NA,NA,NA,NA,NA,NA,NA,NA,NA,NA,NA
"1518",1,1,1,1,1,1,1,0,NA,6,0
"1519",NA,1,0,1,1,1,NA,NA,NA,NA,NA
"1520",NA,1,1,1,1,1,NA,NA,NA,NA,NA
"1521",NA,1,1,1,1,1,NA,NA,NA,NA,NA
"1522",NA,1,0,1,1,1,NA,NA,NA,NA,NA
"1523",NA,1,1,1,0,0,NA,NA,NA,NA,NA
"1524",NA,1,1,1,1,1,NA,NA,NA,NA,NA
"1525",NA,1,1,0,0,NA,NA,NA,NA,NA,NA
"1526",NA,1,0,1,1,1,NA,NA,NA,NA,NA
"1527",NA,NA,NA,0,NA,NA,NA,NA,NA,NA,NA
"1528",NA,1,0,1,0,1,NA,NA,NA,NA,NA
"1529",NA,1,1,1,1,1,NA,NA,NA,NA,NA
"1530",NA,1,0,1,0,0,NA,NA,NA,NA,NA
"1531",NA,1,1,0,0,0,NA,NA,NA,NA,NA
"1532",NA,1,0,0,0,NA,NA,NA,NA,NA,NA
"1533",NA,1,1,1,0,0,NA,NA,NA,NA,NA
"1534",NA,1,1,1,1,0,NA,NA,NA,NA,NA
"1535",NA,1,0,1,0,1,NA,NA,NA,NA,NA
"1536",NA,1,1,0,1,1,NA,NA,NA,NA,NA
"1537",NA,1,1,1,1,1,NA,NA,NA,NA,NA
"1538",NA,0,1,0,0,0,NA,NA,NA,NA,NA
"1539",NA,1,1,1,1,1,NA,NA,NA,NA,NA
"1540",NA,1,1,0,0,0,NA,NA,NA,NA,NA
"1541",NA,1,1,1,1,1,NA,NA,NA,NA,NA
"1542",NA,1,1,1,1,1,NA,NA,NA,NA,NA
"1543",NA,1,1,1,1,NA,NA,NA,NA,NA,NA
"1544",1,0,0,1,1,NA,1,0,NA,NA,0
"1545",NA,1,1,1,1,1,NA,NA,NA,NA,NA
"1546",NA,1,1,1,1,1,NA,NA,NA,NA,NA
"1547",NA,1,1,1,1,1,NA,NA,NA,NA,NA
"1548",NA,1,1,1,1,1,NA,NA,NA,NA,NA
"1549",NA,1,1,0,0,0,NA,NA,NA,NA,NA
"1550",NA,1,1,0,1,1,NA,NA,NA,NA,NA
"1551",NA,1,1,0,1,0,NA,NA,NA,NA,NA
"1552",NA,1,0,1,1,1,NA,NA,NA,NA,NA
"1553",NA,0,1,0,0,0,NA,NA,NA,NA,NA
"1554",NA,1,1,1,1,1,NA,NA,NA,NA,NA
"1555",NA,NA,0,NA,1,1,NA,NA,NA,NA,NA
"1556",NA,NA,1,1,1,1,NA,NA,NA,NA,NA
"1557",NA,0,0,1,0,0,NA,NA,NA,NA,NA
"1558",NA,1,1,0,0,0,NA,NA,NA,NA,NA
"1559",NA,0,0,1,1,1,NA,NA,NA,NA,NA
"1560",NA,0,1,0,1,1,NA,NA,NA,NA,NA
"1561",NA,1,1,0,0,0,NA,NA,NA,NA,NA
"1562",NA,1,1,0,0,0,NA,NA,NA,NA,NA
"1563",NA,1,0,1,1,1,NA,NA,NA,NA,NA
"1564",NA,0,0,0,0,0,NA,NA,NA,NA,NA
"1565",NA,1,1,0,0,0,NA,NA,NA,NA,NA
"1566",NA,1,1,1,0,0,NA,NA,NA,NA,NA
"1567",NA,0,0,1,1,1,NA,NA,NA,NA,NA
"1568",NA,1,0,1,1,1,NA,NA,NA,NA,NA
"1569",NA,NA,1,0,0,0,NA,NA,NA,NA,NA
"1570",NA,1,1,1,1,1,NA,NA,NA,NA,NA
"1571",NA,1,1,0,0,0,NA,NA,NA,NA,NA
"1572",NA,1,0,1,1,1,NA,NA,NA,NA,NA
"1573",NA,1,1,0,0,0,NA,NA,NA,NA,NA
"1574",0,1,0,1,1,1,0,1,NA,4,0
"1575",NA,1,1,0,0,0,NA,NA,NA,NA,NA
"1576",NA,NA,NA,NA,NA,NA,NA,NA,NA,NA,NA
"1577",NA,1,1,0,1,1,NA,NA,NA,NA,NA
"1578",NA,1,1,0,0,0,NA,NA,NA,NA,NA
"1579",NA,1,1,1,0,1,NA,NA,NA,NA,NA
"1580",NA,1,1,1,1,1,NA,NA,NA,NA,NA
"1581",1,1,1,1,0,0,1,0,NA,NA,0
"1582",NA,1,1,1,0,0,NA,NA,NA,NA,NA
"1583",NA,1,NA,0,1,1,NA,NA,NA,NA,NA
"1584",NA,1,1,1,1,1,NA,NA,NA,NA,NA
"1585",NA,1,1,1,1,1,NA,NA,NA,NA,NA
"1586",0,1,1,0,1,1,1,1,5,6,1
"1587",NA,0,1,0,0,NA,NA,NA,NA,NA,NA
"1588",0,1,1,0,1,0,0,1,4,5,1
"1589",NA,1,NA,NA,NA,NA,NA,NA,NA,NA,NA
"1590",NA,1,1,0,0,0,NA,NA,NA,NA,NA
"1591",NA,NA,NA,1,NA,NA,NA,NA,NA,NA,NA
"1592",NA,0,1,0,0,0,NA,NA,NA,NA,NA
"1593",NA,1,1,0,1,NA,NA,NA,NA,NA,NA
"1594",NA,0,1,0,0,0,NA,NA,NA,NA,NA
"1595",0,1,1,1,0,1,1,0,4,5,1
"1596",0,0,1,1,0,0,1,1,4,5,1
"1597",NA,1,1,1,0,NA,NA,NA,NA,NA,NA
"1598",NA,1,1,0,0,0,NA,NA,NA,NA,NA
"1599",NA,1,1,1,1,1,NA,NA,NA,NA,NA
"1600",0,NA,NA,NA,NA,NA,0,1,2,7,1
"1601",NA,1,1,1,0,0,NA,NA,NA,NA,NA
"1602",NA,1,0,1,1,1,NA,NA,NA,NA,NA
"1603",NA,NA,NA,NA,NA,NA,NA,NA,NA,NA,NA
"1604",NA,1,1,1,1,1,NA,NA,NA,NA,NA
"1605",NA,1,1,1,1,1,NA,NA,NA,NA,NA
"1606",NA,0,0,1,NA,NA,NA,NA,NA,NA,NA
"1607",NA,1,1,1,1,1,NA,NA,NA,NA,NA
"1608",NA,1,1,0,0,NA,NA,NA,NA,NA,NA
"1609",NA,1,1,0,0,0,NA,NA,NA,NA,NA
"1610",NA,1,1,1,NA,NA,NA,NA,NA,NA,NA
"1611",0,0,0,1,1,1,1,0,5,6,1
"1612",NA,1,0,0,1,1,NA,NA,NA,NA,NA
"1613",NA,1,1,1,0,0,NA,NA,NA,NA,NA
"1614",0,1,1,0,0,0,1,0,4,6,1
"1615",NA,1,1,1,1,NA,NA,NA,NA,NA,NA
"1616",NA,1,1,1,1,0,NA,NA,NA,NA,NA
"1617",NA,1,1,0,1,0,NA,NA,NA,NA,NA
"1618",NA,0,1,0,0,0,NA,NA,NA,NA,NA
"1619",0,0,1,0,0,0,1,0,NA,NA,0
"1620",NA,NA,NA,NA,NA,NA,NA,NA,NA,NA,NA
"1621",NA,1,0,1,1,1,NA,NA,NA,NA,NA
"1622",NA,0,1,1,0,0,NA,NA,NA,NA,NA
"1623",NA,1,1,1,1,1,NA,NA,NA,NA,NA
"1624",0,1,1,1,1,1,1,0,2,7,0
"1625",NA,1,1,1,1,1,NA,NA,NA,NA,NA
"1626",NA,1,1,1,1,0,NA,NA,NA,NA,NA
"1627",NA,1,0,1,0,0,NA,NA,NA,NA,NA
"1628",NA,1,1,0,1,NA,NA,NA,NA,NA,NA
"1629",NA,1,1,0,1,1,NA,0,NA,NA,0
"1630",NA,1,1,1,1,1,NA,NA,NA,NA,NA
"1631",NA,1,1,0,1,1,NA,NA,NA,NA,NA
"1632",NA,NA,NA,1,1,1,NA,NA,NA,NA,NA
"1633",1,1,1,0,1,1,1,0,4,5,1
"1634",0,1,0,0,0,1,0,0,4,5,1
"1635",NA,1,1,1,1,1,NA,NA,NA,NA,NA
"1636",NA,1,NA,1,1,1,NA,NA,NA,NA,NA
"1637",0,1,1,1,1,1,1,1,2,6,0
"1638",NA,1,1,1,0,1,NA,NA,NA,NA,NA
"1639",NA,0,0,1,0,1,NA,NA,NA,NA,NA
"1640",0,1,1,1,1,1,1,0,NA,6,0
"1641",NA,1,1,1,1,1,NA,NA,NA,NA,NA
"1642",1,1,1,1,1,1,0,1,NA,6,0
"1643",NA,1,1,1,1,1,NA,NA,NA,NA,NA
"1644",NA,1,1,1,1,1,NA,NA,NA,NA,NA
"1645",0,1,1,0,0,0,1,0,4,7,1
"1646",NA,1,0,NA,1,NA,NA,NA,NA,NA,NA
"1647",NA,1,1,0,0,0,NA,NA,NA,NA,NA
"1648",NA,1,1,0,1,1,NA,NA,NA,NA,NA
"1649",NA,0,1,0,0,0,NA,NA,NA,NA,NA
"1650",NA,1,1,0,1,1,NA,NA,NA,NA,NA
"1651",NA,1,0,NA,1,1,NA,NA,NA,NA,NA
"1652",0,NA,NA,NA,NA,NA,NA,0,2,7,0
"1653",NA,1,0,1,1,1,NA,NA,NA,NA,NA
"1654",NA,1,1,1,1,NA,NA,NA,NA,NA,NA
"1655",0,1,1,0,0,1,1,1,5,6,1
"1656",NA,1,0,1,1,1,NA,NA,NA,NA,NA
"1657",NA,1,1,1,1,1,NA,NA,NA,NA,NA
"1658",NA,1,0,0,0,0,NA,NA,NA,NA,NA
"1659",NA,1,1,1,1,1,NA,NA,NA,NA,NA
"1660",NA,1,0,0,1,1,NA,NA,NA,NA,NA
